LA_name,LA_code,Region_code,Region_name,All,0,1,2,3,4,5,6,7,8,9,10,11,12,13,14,15,16,17,18,19,20,21,22,23,24,25,26,27,28,29,30,31,32,33,34,35,36,37,38,39,40,41,42,43,44,45,46,47,48,49,50,51,52,53,54,55,56,57,58,59,60,61,62,63,64,65,66,67,68,69,70,71,72,73,74,75,76,77,78,79,80,81,82,83,84,85,86,87,88,89,90,91,92,93,94,95,96,97,98,99,100
Babergh,E07000200,E12000006,East,87740,847,822,887,964,931,958,1003,1022,929,956,988,1105,1072,1148,1163,1124,1169,1153,916,759,707,770,827,855,799,730,752,772,744,797,843,858,788,777,852,899,995,1030,1101,1203,1285,1263,1297,1282,1371,1362,1383,1398,1287,1312,1263,1150,1170,1161,1156,1185,1117,1162,1165,1214,1234,1321,1305,1588,1538,1173,1286,1202,1095,939,909,878,881,802,845,778,745,665,661,642,661,558,546,498,442,373,343,320,337,287,211,198,119,86,81,49,55,32,15,15,29
Basildon,E07000066,E12000006,East,174497,2211,2296,2358,2259,2281,2254,2192,2091,2048,2080,2058,2142,2233,2233,2225,2338,2286,2339,2117,1958,1810,1939,2149,2115,2076,2211,2181,2159,2221,2164,2381,2438,2306,2172,2265,2247,2388,2317,2420,2551,2652,2599,2635,2699,2630,2722,2622,2642,2585,2514,2490,2296,2346,2263,2176,1965,1988,1924,1931,1924,1855,1986,1979,2273,2404,1746,1727,1554,1542,1323,1295,1322,1324,1348,1304,1220,1223,1120,1090,1060,1009,903,836,728,679,591,514,450,420,400,303,279,128,109,105,74,54,33,36,15,24
Bedford,E06000055,E12000006,East,157479,2024,2106,2064,1975,1930,1988,1813,1941,1818,1816,1894,1871,2006,2073,2111,2178,2045,2222,2067,1938,2015,1894,1870,1994,1867,2016,1942,2008,1995,2173,2222,2172,2034,1967,1999,1986,2096,2129,2125,2265,2326,2240,2378,2441,2458,2309,2356,2418,2392,2218,2126,2126,2083,2025,1846,1902,1818,1787,1700,1710,1732,1851,1779,2010,1931,1461,1533,1548,1350,1153,1127,1153,1192,1154,1090,1035,1047,1011,921,886,867,848,725,696,644,571,551,434,407,334,291,247,135,127,98,65,58,36,28,19,26
Braintree,E07000067,E12000006,East,147084,1877,1956,1888,1905,1841,1863,1741,1741,1673,1711,1738,1744,1804,1763,1894,1847,1780,1860,1726,1456,1460,1477,1699,1657,1664,1694,1631,1679,1602,1767,1848,1741,1722,1678,1736,1769,1983,2056,2092,2142,2314,2307,2299,2385,2415,2287,2330,2289,2320,2132,2051,1862,1934,1949,1877,1774,1852,1846,1798,1778,1800,1802,1929,2177,2259,1583,1603,1579,1461,1192,1167,1154,1204,1054,1036,939,928,831,816,862,777,755,738,630,596,525,498,450,388,397,326,267,154,96,97,86,77,57,34,22,34
Breckland,E07000143,E12000006,East,130491,1511,1466,1531,1436,1468,1354,1310,1253,1288,1228,1410,1457,1506,1493,1545,1728,1563,1592,1448,1301,1312,1390,1479,1554,1568,1534,1436,1408,1477,1479,1429,1446,1337,1228,1311,1364,1394,1536,1587,1695,1768,1792,1793,1778,1895,2018,1941,1903,1866,1808,1780,1649,1644,1583,1599,1526,1556,1645,1596,1590,1689,1724,1977,2127,2254,1701,1775,1675,1550,1387,1349,1362,1370,1351,1287,1208,1107,1091,1042,978,964,869,790,745,675,610,553,476,488,417,381,288,163,110,98,87,61,45,29,24,32
Brentwood,E07000068,E12000006,East,73601,726,760,822,802,816,793,795,864,803,802,866,868,906,985,960,918,1058,1010,877,632,650,600,788,817,793,759,772,743,744,801,814,782,857,884,892,844,933,986,994,1027,1060,1059,1084,1143,1256,1220,1208,1222,1267,1230,1100,1055,997,1008,987,898,886,865,860,845,853,824,896,1092,1094,789,852,756,748,556,607,646,626,656,657,607,544,562,517,556,506,490,399,424,361,385,313,283,263,209,201,177,73,67,63,55,32,33,13,10,13
Broadland,E07000144,E12000006,East,124646,1163,1204,1192,1231,1263,1212,1275,1276,1208,1268,1351,1347,1499,1507,1469,1524,1518,1546,1368,1131,1006,1124,1115,1105,1132,1081,1041,1072,1043,1108,1253,1199,1216,1249,1197,1263,1459,1531,1657,1779,1784,1803,1926,1913,1929,2003,2001,1961,1916,1894,1806,1739,1731,1656,1708,1660,1624,1648,1639,1600,1684,1813,1898,2082,2230,1658,1782,1618,1571,1302,1327,1307,1313,1351,1235,1161,1166,1033,1062,991,957,895,799,800,657,628,528,476,438,429,369,290,145,118,123,98,64,48,31,20,26
Broxbourne,E07000095,E12000006,East,93609,1266,1235,1207,1242,1225,1151,1113,1145,1038,1103,1100,1163,1163,1215,1262,1131,1260,1199,1231,1009,1014,1111,1156,1179,1160,1155,1125,1119,1144,1128,1285,1303,1236,1156,1108,1164,1290,1188,1286,1410,1419,1429,1476,1501,1558,1469,1474,1433,1458,1395,1334,1198,1227,1224,1146,1057,1028,975,1028,960,955,990,1027,1123,1254,913,985,866,856,704,731,764,806,736,684,670,665,600,591,610,593,475,452,412,368,327,280,259,206,174,172,136,71,47,53,34,23,15,3,7,8
Cambridge,E07000008,E12000006,East,123867,1482,1384,1343,1246,1248,1109,1074,1003,920,967,991,1010,990,1033,982,1078,1089,1357,2474,4240,4566,4196,3457,3049,2808,2907,2747,2575,2586,2526,2610,2460,2243,2083,1988,1807,1727,1697,1570,1668,1676,1502,1531,1491,1454,1513,1497,1392,1368,1314,1212,1145,1219,1196,1136,1156,1095,1025,1038,1043,987,979,1023,964,1020,801,877,739,744,671,613,611,630,604,587,586,595,523,549,469,487,494,477,453,395,435,364,322,283,278,270,197,117,87,101,75,48,43,27,21,28
Castle Point,E07000069,E12000006,East,88011,809,817,832,856,859,868,874,901,881,871,942,1017,1065,1053,1111,1113,1100,1217,1064,983,942,937,963,1005,893,924,880,826,742,840,883,800,848,761,838,904,1015,1013,1074,1127,1199,1200,1311,1324,1315,1312,1338,1348,1287,1232,1260,1198,1157,1131,1172,1068,1130,1170,1131,1143,1203,1281,1320,1624,1708,1199,1304,1192,1144,960,937,981,940,961,867,846,761,716,695,648,643,572,513,410,398,396,329,299,266,242,206,175,93,70,63,61,45,24,19,12,14
Central Bedfordshire,E06000056,E12000006,East,254381,3179,3200,3196,3248,3186,3191,2983,2988,2895,2910,2995,3047,3047,3180,3211,3323,3302,3269,2949,2492,2434,2454,2766,3066,2878,2764,2908,2742,2975,3095,3151,3191,3226,2936,3117,3172,3510,3482,3765,3924,4003,3888,4038,4039,4155,4319,4357,4185,4181,4034,3901,3673,3695,3498,3383,3120,3236,3061,3033,3054,3066,3108,3121,3516,3481,2593,2715,2723,2398,2006,1897,1970,1938,1893,1812,1829,1661,1491,1389,1455,1279,1187,1114,952,875,795,708,636,542,494,462,328,188,128,133,103,62,42,39,33,19
Chelmsford,E07000070,E12000006,East,168310,1982,2063,1975,2068,1906,2024,1908,1852,1907,1840,1914,1937,1885,1962,2049,2035,2140,2275,2030,1774,1805,1872,1948,2094,2156,2137,2046,2095,2061,2304,2254,2113,2059,2048,2057,2186,2283,2281,2483,2554,2608,2467,2515,2645,2609,2616,2626,2646,2502,2520,2359,2239,2196,2210,2153,2162,2034,1950,2033,1868,1908,1983,2135,2405,2541,1824,1768,1679,1634,1334,1265,1306,1325,1269,1304,1224,1206,1040,995,981,1005,894,767,763,663,613,575,508,444,355,358,263,149,121,95,82,79,55,29,17,29
Colchester,E07000071,E12000006,East,173074,2188,2200,2099,2083,2077,2027,1961,1853,1814,1748,1836,1911,1971,1938,1950,1991,2012,2122,2538,3048,3355,2890,2685,2597,2359,2379,2438,2401,2358,2371,2269,2400,2256,2159,2282,2162,2256,2334,2401,2480,2573,2470,2515,2553,2510,2571,2547,2439,2376,2284,2266,2136,2137,2015,1934,1893,1844,1904,1916,1842,1945,1990,2148,2418,2341,1650,1891,1666,1611,1382,1217,1333,1285,1253,1155,1117,1119,1021,1054,905,901,823,782,721,704,577,552,470,439,360,345,290,165,120,110,91,73,39,35,19,33
Dacorum,E07000096,E12000006,East,144847,2028,2028,1987,1887,1788,1788,1626,1725,1597,1672,1761,1714,1741,1814,1832,1876,1905,1897,1723,1314,1342,1407,1639,1772,1759,1679,1635,1667,1822,1868,1843,1926,1914,1875,1867,1947,2072,2001,2196,2221,2276,2121,2262,2167,2253,2309,2217,2273,2341,2263,2135,2081,2057,1983,1955,1864,1785,1808,1653,1632,1530,1659,1650,1754,1781,1349,1409,1300,1236,980,952,1008,1054,967,1055,930,981,910,908,889,835,775,713,645,612,588,509,416,366,388,308,229,103,96,105,86,59,41,30,18,33
East Cambridgeshire,E07000009,E12000006,East,83818,1167,1056,1139,1070,1074,1055,995,1048,954,964,851,982,1020,997,962,1003,986,1018,846,701,702,743,854,887,924,895,903,980,994,1123,1118,1153,1174,1029,1155,1116,1193,1230,1265,1276,1327,1324,1270,1306,1335,1335,1333,1254,1325,1229,1180,1159,1061,1076,1002,980,958,994,1028,964,984,1095,1026,1159,1205,881,970,890,792,706,698,688,616,657,642,580,585,523,543,504,479,448,428,422,355,325,277,237,210,195,161,140,81,52,59,47,44,26,16,10,20
East Hertfordshire,E07000242,#N/A,#N/A,137687,1746,1604,1651,1644,1654,1708,1606,1689,1591,1663,1670,1863,1831,1808,1924,1896,1953,2034,1640,1115,1018,1121,1355,1437,1480,1404,1346,1488,1494,1596,1807,1746,1750,1676,1709,1858,1921,2055,2146,2175,2245,2199,2381,2369,2414,2426,2455,2395,2237,2322,2153,1967,1922,1902,1836,1676,1602,1649,1584,1482,1512,1605,1628,1744,1857,1264,1409,1264,1265,1034,947,1051,1024,1001,948,932,860,824,833,755,742,660,621,541,480,480,401,376,301,266,279,189,114,94,78,69,42,32,26,19,32
Epping Forest,E07000072,E12000006,East,124659,1474,1506,1465,1472,1449,1482,1356,1355,1315,1323,1368,1419,1433,1528,1487,1519,1569,1525,1502,1269,1224,1289,1363,1432,1355,1304,1336,1338,1329,1317,1517,1539,1464,1517,1480,1472,1657,1688,1752,1809,1896,1864,1920,1911,2056,2038,2097,1917,1933,1940,1925,1767,1694,1608,1631,1571,1597,1481,1459,1511,1499,1491,1614,1777,1914,1311,1513,1317,1279,1006,969,1023,1068,1004,974,947,857,824,833,813,817,766,682,626,578,548,438,411,426,355,334,225,146,98,91,83,65,46,35,18,24
Fenland,E07000010,E12000006,East,95262,1061,1052,1014,1046,1048,991,873,1025,956,996,1049,1030,1133,1169,1144,1193,1174,1217,1090,934,987,971,1072,1156,1167,1151,1125,1153,1060,1108,1190,1073,1022,1010,929,1060,1099,1155,1164,1267,1348,1341,1328,1384,1480,1376,1477,1388,1433,1325,1338,1203,1209,1276,1195,1185,1236,1263,1193,1235,1201,1233,1286,1459,1437,1141,1212,1109,1114,947,886,909,952,917,908,795,803,742,711,728,700,631,590,525,473,464,346,332,310,238,235,155,106,87,82,58,41,30,16,11,15
Forest Heath,E07000201,E12000006,East,59748,923,894,776,806,724,711,677,632,614,589,625,601,638,605,623,626,633,577,545,579,747,844,933,1064,1087,1068,1124,1078,1169,1069,1049,950,900,820,855,809,795,813,813,763,836,766,751,782,817,812,780,832,760,699,692,715,721,655,625,621,604,637,597,622,621,699,713,768,781,585,606,557,533,475,450,497,472,476,412,434,402,362,352,332,329,341,292,241,247,207,222,195,144,141,113,72,44,35,37,36,12,20,10,6,5
Great Yarmouth,E07000145,E12000006,East,97277,1144,1125,1083,1124,1052,983,961,1033,984,969,1068,1051,1147,1141,1177,1487,1209,1266,1226,1053,1130,1139,1149,1253,1271,1195,1148,1191,1066,1131,975,1045,986,913,960,997,965,1028,1085,1186,1269,1252,1365,1302,1345,1326,1421,1399,1354,1326,1249,1239,1252,1247,1175,1162,1250,1186,1211,1252,1263,1296,1406,1532,1731,1232,1348,1238,1229,1064,1028,948,960,924,886,823,792,716,760,770,678,637,598,537,501,494,356,383,295,284,242,183,108,77,80,53,57,28,27,14,21
Harlow,E07000073,E12000006,East,81944,1178,1249,1228,1256,1109,1047,986,1012,917,955,923,975,995,1009,1027,1017,1065,1131,910,921,869,877,1001,1020,1091,1111,1178,1238,1177,1266,1293,1273,1155,1145,1076,1111,1196,1062,1153,1184,1224,1182,1223,1167,1255,1204,1221,1168,1191,1200,1182,1082,1058,1111,1009,1002,977,914,916,824,825,764,775,905,874,624,706,621,647,538,511,557,576,577,556,514,547,527,536,520,536,476,399,386,342,295,239,221,180,150,142,117,77,44,36,35,22,21,14,5,11
Hertsmere,E07000098,E12000006,East,100031,1318,1349,1336,1361,1343,1255,1209,1209,1132,1164,1208,1204,1276,1210,1314,1302,1424,1297,1221,873,956,1037,1336,1280,1260,1220,1209,1204,1242,1224,1275,1331,1201,1223,1279,1359,1304,1388,1381,1476,1472,1374,1546,1568,1506,1598,1663,1568,1566,1504,1467,1356,1362,1252,1253,1195,1190,1159,1093,1043,1086,1106,1154,1187,1245,960,1007,953,883,672,682,730,728,717,666,689,665,624,570,548,567,577,500,478,456,415,389,370,302,272,254,176,107,91,76,51,54,35,33,16,15
Huntingdonshire,E07000011,E12000006,East,169508,1993,2071,2025,1999,2010,1976,1952,1932,1911,1933,1969,2027,2085,2183,2097,2188,2207,2102,2011,1810,1778,1757,1895,2091,1986,1993,1934,1931,2007,1940,2110,2095,2070,1902,2062,2108,2150,2347,2440,2560,2673,2654,2712,2709,2750,2853,2786,2656,2686,2606,2552,2414,2371,2282,2140,2072,2139,2061,2011,2042,2102,2142,2285,2416,2457,1913,1969,1784,1735,1474,1373,1355,1371,1349,1166,1117,1028,992,898,855,848,775,707,685,552,533,487,419,400,347,336,242,151,109,111,67,60,33,22,17,20
Ipswich,E07000202,E12000006,East,133384,1981,1915,1873,1786,1695,1693,1620,1522,1395,1400,1421,1511,1467,1566,1587,1556,1793,1731,1778,1778,1786,1758,1896,2013,2109,2127,2158,2176,2123,2293,2195,2087,1897,1876,1908,1778,1819,1835,1797,1895,1965,1950,1897,1845,1768,1836,1900,1777,1776,1702,1690,1650,1628,1651,1565,1444,1491,1501,1378,1409,1397,1404,1345,1450,1541,1135,1199,992,998,915,836,860,907,915,844,865,792,736,776,711,767,627,704,601,532,516,440,373,358,324,322,220,142,86,92,64,52,46,25,23,35
King's Lynn and West Norfolk,E07000146,E12000006,East,147451,1667,1549,1565,1596,1593,1515,1402,1455,1466,1423,1526,1479,1614,1675,1594,1693,1757,1766,1649,1332,1530,1529,1621,1805,1584,1753,1721,1621,1594,1596,1531,1554,1457,1419,1452,1440,1532,1705,1743,1865,1991,1901,2014,2021,1945,2028,2143,2123,2073,2065,1943,1936,1908,1844,1822,1842,1775,1879,1815,1921,1978,2132,2142,2446,2555,1999,2128,2017,1896,1675,1549,1709,1706,1571,1543,1435,1347,1305,1319,1212,1187,1064,1005,894,816,726,659,630,530,471,399,318,168,128,107,106,73,51,31,32,35
Luton,E06000032,E12000006,East,203201,3391,3332,3283,3459,3127,3104,2899,2806,2770,2642,2598,2567,2660,2662,2724,2732,2629,2796,2653,2751,3055,3091,3204,3604,3667,3890,3795,3707,3742,3678,3479,3471,3244,2878,2992,2842,2889,2754,2691,2890,2749,2797,2730,2806,2714,2776,2756,2748,2712,2546,2380,2353,2274,2099,2119,2003,1924,1808,1798,1734,1631,1733,1648,1652,1682,1375,1440,1303,1292,1132,1214,1215,1209,1252,1212,1200,1075,1008,862,887,841,756,695,604,512,475,399,382,306,315,244,174,118,101,79,47,58,31,26,14,28
Maldon,E07000074,E12000006,East,61629,581,586,618,604,638,637,679,608,667,670,680,733,804,751,758,811,727,806,658,560,583,552,632,581,535,540,488,486,450,516,641,581,567,466,578,675,652,751,760,869,891,963,967,1002,1067,1020,1015,939,954,907,935,938,941,958,839,888,853,881,826,891,880,946,980,1126,1169,865,946,836,729,651,555,657,637,562,538,570,450,414,441,442,364,353,311,279,255,220,209,180,173,134,166,121,80,55,42,40,37,22,17,7,16
Mid Suffolk,E07000203,E12000006,East,96731,1040,992,1089,1041,1104,1079,1108,1048,1060,1099,1072,1190,1189,1198,1234,1281,1183,1227,1080,858,850,871,963,959,894,910,921,865,931,958,1006,979,969,900,916,942,1060,1186,1195,1346,1313,1382,1467,1419,1522,1613,1536,1502,1448,1389,1414,1369,1394,1393,1324,1224,1265,1348,1254,1345,1362,1382,1491,1633,1678,1238,1351,1248,1151,1048,967,976,939,915,804,789,823,731,685,611,601,600,504,490,446,418,384,336,271,266,239,180,103,83,78,58,39,35,20,11,33
North Hertfordshire,E07000099,E12000006,East,127114,1599,1646,1626,1607,1549,1493,1589,1477,1389,1453,1499,1512,1540,1569,1549,1629,1593,1624,1368,1156,1071,1053,1253,1337,1412,1470,1475,1494,1496,1647,1627,1722,1646,1648,1619,1738,1895,1790,1908,2028,1983,1928,2037,1942,2006,2198,2081,2047,1966,1897,1850,1775,1703,1615,1587,1516,1491,1463,1403,1361,1428,1518,1495,1668,1649,1195,1358,1206,1185,1006,951,1027,984,945,976,922,951,839,856,813,768,721,593,550,488,534,457,434,404,386,318,226,141,108,92,89,69,41,38,12,28
North Norfolk,E07000147,E12000006,East,101499,925,822,872,854,854,827,841,802,838,842,879,934,964,1035,1142,1238,1104,1101,1042,869,834,862,974,964,908,901,845,872,791,870,840,817,723,734,749,784,830,945,996,1090,1181,1203,1174,1228,1302,1281,1396,1385,1353,1358,1347,1349,1404,1373,1394,1339,1434,1493,1457,1498,1521,1723,1784,2045,2166,1660,1775,1747,1650,1379,1291,1304,1341,1392,1281,1269,1229,1107,1109,1080,1065,938,884,783,741,667,567,547,500,401,395,300,188,138,123,113,87,51,35,26,34
Norwich,E07000148,E12000006,East,132512,1799,1681,1712,1625,1608,1380,1301,1272,1208,1106,1123,1144,1146,1219,1177,1206,1209,1289,2058,3076,3606,3392,2956,2780,2555,2639,2609,2533,2436,2577,2374,2251,2122,1947,1827,1785,1773,1847,1812,1770,1773,1681,1805,1681,1652,1585,1698,1514,1501,1522,1533,1410,1323,1288,1324,1313,1318,1258,1245,1296,1254,1185,1253,1439,1386,1100,1129,984,1002,828,866,864,825,862,782,768,756,734,716,710,704,664,602,587,571,516,475,421,383,339,337,244,125,98,103,69,62,45,29,18,27
Peterborough,E06000031,E12000006,East,183631,2905,2822,2827,2712,2638,2449,2367,2272,2169,2167,2266,2252,2284,2255,2292,2459,2365,2376,2360,1938,2157,2313,2508,2742,2782,3018,3058,2993,2997,2980,3077,2944,2797,2659,2635,2490,2542,2469,2702,2711,2616,2681,2630,2677,2685,2607,2604,2563,2484,2419,2370,2252,2229,2107,2056,2034,1907,1963,1887,1851,1807,1827,1827,1883,2038,1516,1484,1447,1312,1150,1140,1225,1205,1084,1138,1085,1040,947,1026,928,856,865,779,713,590,597,488,453,380,340,299,229,147,109,81,77,51,38,27,11,21
Rochford,E07000075,E12000006,East,83287,836,900,840,870,923,838,885,885,850,910,915,1035,976,1177,1038,1138,1072,1149,954,817,807,790,899,845,797,761,716,716,777,759,853,817,865,772,892,921,988,1062,1080,1247,1245,1321,1319,1282,1409,1265,1324,1288,1321,1312,1138,1197,1187,1122,1092,1067,1045,1051,1108,1037,999,1094,1171,1361,1481,1018,1061,1009,947,817,738,812,822,801,808,699,707,639,639,648,563,518,478,444,390,375,307,315,235,203,208,152,99,60,49,43,25,20,9,13,8
South Cambridgeshire,E07000012,E12000006,East,148755,1768,1818,1943,1930,1841,1856,1832,1795,1810,1768,1812,1719,1909,1802,1864,1946,1909,1880,1704,1295,1309,1285,1506,1545,1503,1548,1593,1567,1635,1740,1760,1984,1948,1824,1926,1956,2134,2087,2224,2390,2331,2221,2356,2421,2395,2348,2461,2455,2310,2221,2184,2054,2054,2003,1873,1884,1793,1777,1721,1770,1805,1803,1877,2064,2207,1623,1713,1495,1446,1238,1077,1215,1166,1116,1050,1010,969,885,859,853,850,774,717,650,599,548,501,452,392,351,323,251,156,101,90,76,57,42,22,11,24
South Norfolk,E07000149,E12000006,East,124012,1341,1376,1401,1349,1349,1312,1212,1341,1207,1305,1410,1488,1518,1500,1641,1545,1558,1644,1412,1106,999,941,1141,1158,1118,1152,1116,1111,1140,1221,1259,1262,1165,1226,1288,1304,1368,1534,1562,1840,1843,1775,1748,1862,1803,1886,1981,1856,1803,1877,1824,1727,1654,1713,1611,1556,1604,1608,1673,1592,1632,1775,1814,2090,2262,1603,1818,1604,1554,1360,1263,1291,1253,1238,1159,1158,1070,966,925,927,900,840,797,694,611,580,521,467,418,395,294,218,152,114,90,95,38,42,23,16,29
Southend-on-Sea,E06000033,E12000006,East,173658,2212,2233,2314,2195,2259,2007,1930,1846,1830,1885,1929,1952,2090,2069,2154,2132,2107,2215,2007,1723,1775,1831,1963,2088,2175,2247,2248,2154,2233,2400,2380,2559,2356,2180,2148,2202,2348,2418,2618,2637,2636,2538,2633,2658,2618,2570,2665,2609,2486,2425,2364,2327,2179,2107,1910,1953,1909,1920,1990,1895,1795,1967,2050,2326,2281,1806,1953,1681,1616,1412,1242,1411,1426,1337,1300,1235,1173,1116,1149,1106,1066,1002,935,920,846,726,744,650,559,544,450,392,212,173,171,115,108,75,61,34,52
St Albans,E07000240,E12000006,East,140664,2013,2047,2094,2103,2039,1886,1901,1842,1703,1750,1765,1773,1822,1767,1799,1770,1843,1798,1555,1006,990,1139,1300,1440,1473,1472,1468,1572,1591,1728,1826,1935,1956,1905,2004,2170,2153,2304,2314,2301,2353,2291,2214,2339,2344,2365,2274,2264,2044,2034,2056,1857,1838,1775,1697,1684,1555,1608,1570,1499,1502,1555,1497,1624,1732,1310,1310,1296,1204,911,935,1054,1052,937,1040,872,876,836,869,761,743,717,670,618,571,513,478,445,356,300,299,254,148,99,83,69,38,41,34,15,22
St Edmundsbury,E07000204,E12000006,East,111008,1335,1347,1358,1355,1268,1302,1168,1222,1175,1168,1173,1244,1258,1336,1326,1290,1442,1388,1275,1071,1112,1169,1329,1499,1384,1513,1455,1420,1321,1502,1429,1411,1306,1208,1194,1263,1334,1419,1398,1595,1598,1624,1671,1616,1710,1759,1597,1706,1584,1630,1451,1347,1305,1438,1286,1270,1250,1348,1250,1309,1305,1364,1460,1654,1724,1303,1329,1375,1177,1098,992,1022,1014,1011,954,888,796,746,724,687,704,605,610,527,512,410,410,372,347,293,299,222,148,92,93,65,49,55,25,13,23
Stevenage,E07000243,#N/A,#N/A,83957,1247,1193,1156,1151,1159,1062,948,1054,978,929,995,1032,989,1002,1082,1114,1123,1176,1177,1001,988,1049,1109,1139,1163,1200,1236,1207,1214,1232,1253,1170,1116,1076,1088,1073,1076,1134,1174,1188,1269,1200,1343,1254,1359,1403,1366,1338,1420,1263,1264,1171,1199,1109,1020,1006,952,886,838,818,752,816,760,917,909,695,661,687,671,527,524,579,522,579,549,544,537,470,456,457,463,389,400,304,311,275,227,219,182,132,149,117,55,43,37,27,32,18,10,10,14
Suffolk Coastal,E07000205,E12000006,East,124298,1181,1184,1274,1278,1326,1326,1279,1333,1257,1290,1326,1476,1554,1580,1611,1622,1627,1598,1417,1078,961,1049,1121,1141,1053,1019,998,988,941,1046,1099,1137,1105,1083,1047,1148,1278,1334,1521,1591,1618,1703,1748,1804,1843,1865,1974,1894,1862,1844,1818,1792,1786,1788,1665,1636,1605,1693,1646,1714,1753,1879,1890,2131,2265,1737,1777,1597,1598,1389,1255,1405,1378,1319,1199,1222,1186,1141,1029,1000,1026,955,860,746,754,639,624,511,483,445,383,322,188,141,136,106,85,75,39,25,30
Tendring,E07000076,E12000006,East,138048,1339,1354,1374,1342,1344,1292,1308,1340,1281,1281,1434,1480,1570,1612,1575,1627,1700,1680,1570,1393,1377,1356,1326,1353,1297,1105,1219,1094,1097,1157,1148,1142,1122,1097,1069,1221,1296,1268,1459,1612,1602,1687,1800,1796,1847,1899,1873,1898,1835,1929,1827,1727,1804,1770,1697,1680,1738,1722,1796,1789,1851,2034,2170,2515,2778,2091,2218,2155,2020,1737,1688,1857,1780,1671,1611,1624,1495,1423,1341,1302,1278,1275,1125,1009,925,937,776,746,639,555,517,429,258,187,182,131,100,61,42,37,51
Three Rivers,E07000102,E12000006,East,87317,1081,1101,1056,1097,1098,1071,1040,1079,976,1083,1083,1087,1213,1151,1139,1143,1077,1256,1073,750,748,801,891,985,932,905,891,934,913,1073,1052,1088,1065,1122,1085,1107,1218,1272,1197,1330,1288,1319,1408,1352,1366,1438,1466,1459,1431,1370,1281,1205,1217,1193,1104,1078,1072,990,985,1012,1009,985,1023,1141,1156,865,901,819,766,650,632,702,656,680,656,664,615,561,615,552,508,467,417,397,371,361,293,283,263,225,217,153,97,67,61,54,30,38,22,18,30
Thurrock,E06000034,E12000006,East,157705,2456,2334,2449,2481,2285,2249,2094,2085,1923,1880,1866,1948,2052,2003,2080,2113,1987,2130,1940,1683,1834,1860,1880,2104,2126,2166,2251,2201,2159,2385,2454,2384,2399,2295,2276,2430,2444,2340,2477,2509,2518,2445,2584,2476,2535,2548,2421,2292,2120,2154,2059,1914,1934,1760,1786,1666,1701,1712,1684,1624,1635,1664,1690,1879,1871,1268,1315,1239,1167,1007,942,1028,951,915,906,835,777,717,729,726,665,586,577,518,527,479,414,352,340,259,210,186,80,84,72,45,37,24,14,14,16
Uttlesford,E07000077,E12000006,East,79443,915,864,885,986,999,1041,940,1002,1013,936,1045,1060,1074,1092,1068,1124,1167,1121,925,710,625,684,692,859,741,734,742,691,658,777,806,828,836,849,876,855,954,1014,1096,1228,1201,1239,1346,1306,1320,1337,1340,1317,1382,1296,1251,1205,1187,1188,1150,1058,976,1036,967,924,948,1014,1057,1132,1179,897,942,902,771,684,608,687,596,611,564,541,512,499,461,472,457,397,371,332,364,281,253,240,228,191,181,152,78,66,63,51,36,25,24,12,26
Watford,E07000103,E12000006,East,90301,1460,1365,1320,1313,1272,1168,1087,1098,1044,1039,982,1062,1065,1119,1070,1144,1044,1101,1083,930,839,936,1168,1365,1403,1444,1563,1554,1724,1768,1661,1734,1658,1561,1527,1507,1508,1448,1434,1418,1464,1417,1388,1405,1339,1404,1266,1254,1263,1222,1131,1136,1118,997,979,890,965,873,852,805,798,741,767,854,836,674,662,659,610,538,490,508,549,521,532,472,434,419,416,412,403,364,337,294,278,235,231,209,163,175,144,103,74,53,46,50,23,28,14,13,18
Waveney,E07000206,E12000006,East,115254,1264,1178,1304,1232,1252,1171,1126,1241,1168,1155,1169,1265,1260,1339,1384,1377,1431,1402,1384,1160,1089,1191,1238,1247,1198,1193,1182,1192,1015,1132,1171,1148,1085,998,1068,1123,1200,1280,1366,1405,1504,1475,1598,1533,1697,1587,1561,1622,1540,1509,1565,1451,1436,1441,1429,1376,1379,1431,1481,1433,1498,1588,1744,2000,2100,1621,1683,1568,1504,1338,1174,1291,1266,1295,1261,1150,1112,1009,1049,999,967,828,841,796,682,635,525,515,486,424,425,332,169,105,122,83,81,56,45,26,30
Welwyn Hatfield,E07000241,E12000006,East,110535,1376,1362,1389,1326,1322,1299,1223,1171,1120,1220,1191,1154,1269,1244,1227,1273,1339,1364,1779,2472,2988,2565,2247,1940,1696,1589,1589,1590,1492,1505,1506,1503,1363,1379,1401,1302,1285,1320,1453,1447,1559,1392,1486,1476,1570,1619,1583,1544,1559,1485,1455,1440,1405,1322,1249,1226,1197,1165,1030,1054,1001,1050,1015,1165,1269,856,942,933,852,727,730,761,768,733,782,753,716,733,664,679,640,611,561,519,455,401,398,333,259,264,221,186,110,72,88,60,49,30,20,14,19
Adur,E07000223,E12000008,South East,61182,711,745,677,725,679,649,649,601,627,584,547,646,635,647,698,783,747,754,658,598,577,548,583,646,628,609,598,622,629,673,675,667,687,668,666,737,765,738,816,891,880,873,908,900,971,938,929,869,881,833,850,780,782,843,748,749,735,718,761,716,724,772,864,956,985,752,850,738,742,576,582,671,602,593,609,550,557,471,521,503,497,419,424,394,348,324,306,277,217,224,198,154,80,60,50,48,28,21,18,20,10
Arun,E07000224,E12000008,South East,149518,1448,1467,1562,1423,1486,1414,1360,1406,1352,1436,1398,1395,1516,1520,1587,1584,1582,1557,1578,1630,1545,1522,1464,1492,1420,1478,1437,1475,1441,1483,1482,1480,1447,1408,1373,1404,1496,1621,1725,1867,1953,1918,2125,2068,2059,2103,2192,2086,1991,2091,1935,1882,1848,1881,1858,1753,1766,1852,1825,1884,1854,2122,2239,2487,2657,2095,2234,2125,2051,1759,1692,1833,1871,1838,1737,1631,1587,1490,1405,1445,1404,1295,1234,1096,1008,993,864,837,744,678,621,455,280,218,226,173,131,101,81,37,59
Ashford,E07000105,E12000008,South East,117956,1497,1521,1585,1569,1599,1411,1449,1501,1484,1513,1500,1539,1607,1594,1598,1578,1588,1576,1567,1312,1170,1224,1219,1297,1335,1368,1265,1271,1335,1231,1324,1309,1357,1269,1289,1352,1457,1500,1590,1660,1814,1879,1938,1985,1867,1942,1858,1837,1816,1743,1624,1491,1500,1465,1391,1390,1367,1304,1325,1363,1326,1427,1484,1713,1729,1265,1468,1273,1212,977,943,958,964,875,874,811,724,743,692,727,662,597,542,468,460,440,392,367,304,289,263,174,98,100,93,59,47,37,14,20,36
Aylesbury Vale,E07000004,E12000008,South East,174137,2246,2182,2282,2324,2311,2137,2200,2138,2042,2027,2160,2242,2301,2237,2327,2414,2379,2355,2054,1682,1672,1662,1760,1864,1805,2004,1976,1842,2043,2007,2219,2218,2169,2073,2249,2202,2318,2448,2531,2650,2771,2663,2842,2789,3018,3009,2995,2989,2818,2686,2755,2531,2531,2424,2323,2202,2110,2134,2075,1943,1996,2032,2228,2303,2182,1643,1797,1678,1467,1345,1317,1358,1228,1181,1195,1123,1038,951,922,867,836,759,728,657,595,507,470,426,425,345,314,232,150,102,100,85,71,43,33,18,30
Basingstoke and Deane,E07000084,E12000008,South East,167799,2357,2296,2144,2323,2235,2110,1967,2008,1934,1928,1964,2176,2133,2056,2040,2181,2031,2056,1822,1520,1432,1599,1824,1981,2074,2060,2123,2153,2397,2301,2350,2302,2296,2244,2256,2342,2389,2416,2569,2663,2723,2654,2825,2756,2729,2787,2898,2769,2656,2628,2497,2402,2258,2159,2123,1896,1949,1951,1901,1846,1870,1964,2018,2174,2163,1660,1713,1572,1509,1246,1186,1232,1213,1113,1003,1087,951,868,854,823,789,676,614,600,544,456,410,403,373,303,244,208,125,87,74,68,45,36,35,10,21
Bracknell Forest,E06000036,E12000008,South East,113205,1585,1672,1655,1601,1514,1455,1394,1369,1270,1257,1314,1368,1426,1486,1488,1608,1580,1618,1323,1102,979,1101,1372,1432,1465,1526,1506,1543,1556,1590,1723,1748,1708,1613,1622,1664,1675,1766,1808,1879,1950,1796,1863,1852,1964,1890,1828,1888,1805,1770,1734,1623,1573,1517,1464,1364,1334,1221,1250,1178,1179,1095,1129,1244,1186,937,940,850,784,702,610,717,675,679,626,652,601,562,506,468,421,456,386,368,322,315,253,235,218,226,186,141,71,64,51,42,22,27,13,12,9
Brighton and Hove,E06000043,E12000008,South East,273369,3083,3064,2984,3076,2808,2844,2618,2724,2571,2534,2728,2586,2679,2717,2702,2627,2663,2939,3890,5920,6673,6184,5457,5140,4675,4569,4581,4460,4611,4777,4623,4614,4396,4215,4111,4087,4086,4383,4650,4583,4512,4388,4340,4275,4390,4393,4349,4145,3928,3628,3367,3265,2987,3026,2700,2645,2668,2531,2454,2340,2376,2458,2494,2729,2657,2083,2104,1930,1820,1598,1598,1662,1584,1545,1536,1377,1363,1304,1335,1297,1240,1173,1074,1115,970,922,802,716,678,640,569,448,275,209,199,146,135,78,63,35,69
Canterbury,E07000106,E12000008,South East,151145,1547,1492,1505,1444,1526,1585,1462,1486,1505,1468,1537,1611,1666,1775,1804,1761,1815,1841,3066,4826,5068,3992,2955,2280,1927,1875,1899,1696,1648,1540,1545,1526,1442,1387,1358,1461,1494,1571,1620,1732,1872,1827,1925,1890,1992,1968,2006,1929,1903,1880,1777,1766,1830,1693,1661,1735,1684,1616,1707,1645,1705,1772,1887,2073,2219,1716,1727,1599,1570,1338,1235,1395,1278,1293,1190,1152,1095,1010,988,953,1001,936,882,791,732,703,643,590,518,467,462,325,181,156,147,118,78,66,43,26,41
Cherwell,E07000177,E12000008,South East,141868,1975,1982,1929,2009,1924,1799,1725,1646,1592,1534,1651,1722,1746,1733,1736,1743,1793,1748,1702,1422,1288,1374,1530,1673,1725,1852,1913,1872,1975,1965,2037,2001,1987,1842,1846,1839,1941,2046,2143,2176,2137,2233,2225,2231,2290,2332,2255,2234,2212,2071,2027,1947,1792,1770,1748,1688,1643,1577,1582,1598,1593,1667,1688,1765,1728,1253,1404,1318,1285,1056,1073,1051,1071,1070,965,941,902,814,771,777,772,688,628,528,513,485,369,335,330,332,278,167,118,109,80,52,59,42,25,13,25
Chichester,E07000225,E12000008,South East,113794,1101,1086,1164,1130,1171,1145,1075,1155,1129,1126,1134,1210,1269,1285,1194,1259,1155,1213,1419,1471,1512,1327,1224,1138,999,1033,1071,1005,1003,1038,1136,1107,931,1000,1031,1047,1151,1267,1275,1381,1420,1390,1500,1603,1584,1648,1642,1728,1673,1621,1510,1573,1597,1584,1531,1456,1458,1425,1479,1361,1535,1554,1679,1853,1929,1524,1659,1535,1468,1365,1236,1335,1234,1266,1148,1192,1157,1058,1049,1059,981,897,859,810,770,661,578,559,497,466,412,323,172,145,141,100,76,50,50,24,38
Chiltern,E07000005,E12000008,South East,92635,1084,1053,1049,1162,1125,1147,1092,1271,1168,1182,1186,1279,1352,1256,1266,1284,1274,1250,1040,711,610,705,767,848,763,749,731,717,747,762,880,822,852,936,910,985,1051,1131,1229,1322,1373,1312,1313,1472,1536,1529,1621,1580,1592,1463,1462,1414,1448,1378,1370,1285,1159,1117,1119,1112,1079,1236,1161,1394,1394,1051,1171,1091,979,838,834,823,865,867,813,814,760,676,628,703,614,537,506,447,456,435,372,339,269,220,214,164,98,90,85,63,47,37,25,9,28
Crawley,E07000226,E12000008,South East,106597,1712,1710,1573,1569,1507,1390,1306,1378,1238,1174,1235,1247,1250,1236,1276,1247,1279,1373,1191,1129,1145,1166,1404,1522,1579,1664,1730,1870,1776,2004,2014,1982,1836,1722,1596,1632,1638,1589,1655,1606,1675,1643,1593,1620,1571,1524,1575,1577,1457,1424,1449,1357,1393,1288,1202,1205,1126,1113,1048,977,1056,961,1023,1019,1103,721,769,676,674,567,591,573,584,580,532,540,517,550,557,539,590,534,468,442,417,359,311,277,253,221,163,153,76,63,46,36,27,18,19,10,15
Dartford,E07000107,E12000008,South East,97365,1428,1422,1317,1326,1272,1287,1234,1210,1159,1089,1143,1173,1180,1187,1239,1357,1237,1224,1134,1053,995,1203,1183,1407,1411,1435,1404,1336,1394,1512,1556,1469,1414,1351,1333,1324,1379,1419,1418,1527,1495,1546,1590,1489,1531,1528,1543,1453,1410,1398,1307,1313,1196,1189,1127,1083,1066,1042,936,937,960,951,972,1110,1100,800,844,783,799,664,627,645,658,683,595,576,587,568,543,569,497,476,412,374,375,315,277,230,213,205,171,147,91,37,47,47,29,14,28,8,18
Dover,E07000108,E12000008,South East,111674,1243,1232,1267,1273,1244,1256,1134,1177,1163,1149,1167,1226,1392,1412,1460,1497,1442,1517,1374,1175,1168,1135,1184,1202,1155,1235,1214,1182,1138,1122,1239,1207,1141,1021,1121,1170,1119,1249,1354,1436,1570,1515,1537,1570,1686,1747,1711,1660,1636,1668,1591,1496,1609,1552,1503,1450,1496,1505,1415,1424,1454,1446,1655,1804,1865,1409,1537,1395,1258,1126,1003,1090,1067,1058,978,954,869,751,817,758,740,710,652,627,525,464,481,401,355,321,321,250,147,109,96,66,61,42,27,28,24
East Hampshire,E07000085,E12000008,South East,115608,1187,1188,1218,1290,1326,1277,1317,1280,1263,1375,1347,1380,1517,1513,1548,1563,1572,1680,1485,1031,1061,1054,1062,1123,1082,1027,1022,1004,1005,1043,1081,1115,1087,1062,1152,1201,1328,1377,1496,1604,1679,1630,1827,1806,1820,1884,1918,2004,1959,1874,1881,1769,1731,1733,1658,1584,1589,1455,1462,1463,1481,1520,1652,1769,1814,1411,1483,1362,1283,1108,1028,1098,1048,999,986,920,858,810,775,759,745,683,637,596,530,512,432,418,360,323,324,197,141,104,101,79,50,55,32,26,30
Eastbourne,E07000061,E12000008,South East,99412,1085,1124,1031,1021,1066,991,962,1025,920,969,1004,978,1091,1182,1125,1147,1235,1252,1242,1375,1405,1247,1134,1149,1158,1206,1197,1209,1223,1228,1215,1192,1153,1082,1070,1100,1131,1146,1216,1331,1292,1205,1302,1353,1407,1355,1344,1412,1331,1300,1275,1183,1236,1166,1148,1105,1084,1114,1087,1154,1135,1236,1279,1506,1483,1159,1167,1095,1001,928,873,926,1024,962,950,873,849,801,823,877,870,750,765,678,734,610,565,501,481,429,419,337,184,136,135,126,82,64,39,36,54
Eastleigh,E07000086,E12000008,South East,125199,1536,1601,1554,1549,1497,1532,1424,1361,1358,1308,1416,1436,1495,1545,1507,1598,1597,1608,1406,1318,1422,1326,1531,1510,1480,1443,1385,1507,1456,1504,1551,1675,1529,1527,1566,1657,1649,1662,1814,1863,1837,1873,1846,1895,1900,1982,2045,2008,1856,1859,1850,1800,1845,1680,1668,1566,1543,1614,1485,1439,1469,1551,1621,1739,1694,1268,1340,1261,1129,982,1001,1014,1018,988,930,881,823,790,762,718,753,693,595,553,542,460,405,352,325,296,284,189,117,84,91,57,34,33,20,15,28
Elmbridge,E07000207,E12000008,South East,130875,1885,1865,1841,1884,1883,1853,1733,1736,1628,1689,1658,1703,1675,1666,1613,1558,1607,1651,1416,923,795,937,1030,1200,1147,1120,1138,1187,1276,1315,1506,1550,1660,1780,1934,1914,1960,2070,2156,2119,2229,2102,2207,2224,2196,2245,2348,2161,2222,2069,2013,1873,1821,1715,1584,1527,1483,1468,1476,1465,1433,1419,1528,1631,1657,1265,1269,1208,1129,947,937,963,984,956,882,887,846,775,752,783,743,666,675,597,592,537,488,476,429,414,366,245,167,129,123,72,57,50,41,26,42
Epsom and Ewell,E07000208,E12000008,South East,75102,882,942,954,936,914,955,883,851,880,846,929,941,979,928,960,951,1019,969,933,812,836,809,811,874,852,779,767,780,765,861,850,971,931,951,937,969,1018,1059,1201,1121,1177,1089,1192,1200,1246,1201,1195,1221,1244,1144,1102,1024,986,932,928,884,875,785,860,870,896,917,947,961,1045,727,797,705,685,588,598,593,582,573,526,528,483,454,484,467,446,400,339,353,313,302,295,250,207,195,185,137,66,56,65,45,52,29,17,17,16
Fareham,E07000087,E12000008,South East,111581,1087,1080,1106,1146,1159,1097,1177,1232,1105,1187,1290,1318,1373,1326,1389,1356,1460,1414,1338,1115,1120,1104,1156,1205,1176,1088,1066,1060,1097,1095,1146,1099,1103,1017,1109,1205,1264,1369,1523,1624,1732,1589,1725,1777,1761,1836,1795,1842,1774,1743,1750,1640,1679,1541,1443,1482,1404,1345,1367,1363,1345,1419,1546,1692,1834,1384,1458,1379,1275,1081,1050,1135,1011,1052,996,990,943,862,850,846,815,771,655,560,586,497,433,372,361,361,297,207,109,104,86,67,73,39,31,18,22
Folkestone and Hythe,E07000112,E12000008,South East,107969,1194,1209,1241,1142,1210,1143,1085,1105,1095,1147,1177,1260,1261,1361,1272,1307,1359,1437,1305,1182,1213,1238,1293,1231,1225,1107,1090,1122,1105,1167,1211,1171,1121,1054,1044,1142,1164,1208,1291,1429,1500,1497,1561,1531,1608,1617,1597,1529,1598,1474,1501,1423,1437,1439,1366,1292,1231,1340,1373,1380,1408,1485,1550,1819,1880,1341,1429,1331,1233,1084,1034,1108,1046,997,990,876,876,796,832,744,759,670,703,557,600,501,444,468,364,364,342,270,168,111,108,83,64,42,37,14,29
Gosport,E07000088,E12000008,South East,82622,1085,1123,1058,1102,1057,1003,987,940,920,875,1013,1015,1010,933,965,1134,1029,1032,1084,831,952,961,1013,1008,1045,1032,1116,1023,1120,1114,1033,1022,984,909,1006,967,1003,1105,1156,1199,1204,1157,1196,1177,1208,1176,1291,1241,1198,1241,1209,1149,1182,1090,1058,979,901,947,896,880,888,963,1039,1137,1145,877,889,752,772,658,589,686,646,673,661,613,580,552,553,560,501,478,386,357,332,337,261,285,244,200,181,122,91,54,66,46,42,20,10,13,19
Gravesham,E07000109,E12000008,South East,101720,1302,1356,1313,1374,1302,1417,1215,1262,1142,1239,1213,1269,1291,1409,1347,1305,1454,1488,1284,1192,1157,1211,1323,1412,1399,1384,1307,1325,1279,1323,1376,1273,1262,1192,1266,1259,1292,1252,1392,1443,1514,1488,1578,1461,1625,1572,1444,1537,1568,1463,1395,1312,1300,1252,1178,1151,1146,1128,1076,1067,1072,1019,1121,1271,1391,991,986,934,951,769,757,808,801,760,760,718,705,676,661,590,541,534,462,436,402,349,296,258,227,218,189,156,82,68,58,46,41,20,15,7,18
Guildford,E07000209,E12000008,South East,137183,1618,1602,1610,1692,1588,1565,1570,1528,1444,1418,1419,1516,1552,1518,1461,1493,1478,1533,1942,2501,2566,2321,2377,2112,1916,1888,1858,1805,1880,1837,1926,1896,1813,1784,1791,1878,1887,1956,2005,2026,1953,1951,1969,2020,1902,2030,2097,2076,1963,1897,1848,1773,1749,1768,1641,1590,1637,1504,1482,1439,1437,1545,1557,1707,1685,1288,1360,1233,1114,971,946,980,1045,964,957,892,840,827,784,791,727,725,635,558,550,491,437,420,382,290,297,244,137,115,119,80,69,45,33,15,32
Hart,E07000089,E12000008,South East,91033,1100,1105,1095,1199,1164,1195,1201,1131,1070,1137,1187,1073,1212,1171,1152,1160,1142,1166,982,738,695,811,856,930,969,875,878,912,897,980,1021,1084,1039,1071,1081,1235,1321,1393,1445,1565,1515,1375,1437,1488,1558,1593,1559,1586,1515,1400,1417,1281,1239,1194,1185,1089,1085,1095,1058,1027,1034,1064,1147,1293,1343,979,1056,985,934,778,766,797,762,708,659,641,594,566,522,459,433,438,404,352,343,312,257,230,230,180,177,124,67,66,53,32,29,36,22,14,13
Hastings,E07000062,E12000008,South East,90254,1142,1118,1136,1109,1065,1056,959,910,952,895,990,1022,1057,1140,1108,1107,1150,1208,1136,1158,1188,1126,1116,1214,1125,1124,1113,1183,1037,1164,1128,1067,1062,1015,945,1090,1148,1064,1195,1235,1350,1257,1367,1341,1413,1397,1395,1421,1328,1231,1268,1279,1182,1202,1178,1076,1064,1150,1053,1052,1079,1092,1233,1342,1346,962,1059,891,865,748,703,697,657,706,661,645,556,591,537,495,505,439,465,400,403,330,317,307,291,270,255,159,76,86,80,69,52,44,27,22,31
Havant,E07000090,E12000008,South East,120684,1305,1361,1393,1311,1340,1311,1305,1328,1207,1241,1309,1395,1486,1469,1536,1580,1525,1620,1541,1349,1373,1363,1319,1408,1335,1374,1280,1249,1287,1254,1282,1203,1177,1119,1110,1156,1236,1310,1462,1512,1558,1625,1739,1690,1822,1706,1850,1852,1767,1731,1756,1743,1737,1652,1597,1534,1562,1519,1459,1443,1425,1496,1685,1720,1870,1503,1564,1394,1387,1163,1171,1157,1285,1125,1116,1070,1060,981,1012,1024,982,852,787,721,645,515,494,471,405,369,307,256,139,111,87,79,60,38,49,18,28
Horsham,E07000227,E12000008,South East,131301,1361,1481,1379,1436,1494,1483,1442,1454,1440,1432,1592,1752,1740,1691,1694,1672,1748,1803,1541,1112,1055,1023,1173,1230,1179,1199,1133,1121,1183,1222,1346,1404,1351,1254,1377,1409,1527,1622,1758,1884,1931,1906,2067,2221,2185,2237,2261,2164,2150,2166,2174,1915,2002,1870,1823,1718,1656,1645,1732,1602,1631,1723,1790,1939,2026,1531,1597,1452,1477,1222,1173,1234,1178,1186,1080,1092,1033,959,903,916,870,890,751,706,597,586,516,494,385,375,347,260,172,131,123,104,85,55,34,23,33
Isle of Wight,E06000046,E12000008,South East,138265,1254,1260,1248,1295,1355,1391,1284,1270,1296,1301,1512,1522,1603,1646,1685,1754,1726,1766,1563,1381,1362,1233,1370,1433,1410,1448,1411,1331,1255,1245,1352,1337,1270,1187,1194,1292,1368,1470,1534,1649,1776,1819,1889,1967,2072,2002,2096,2013,1969,1937,1891,1892,1929,1787,1808,1836,1847,1882,1765,1877,1871,2002,2140,2374,2607,2011,2125,1975,1968,1663,1469,1592,1511,1459,1339,1299,1248,1169,1135,1197,1109,1000,944,877,794,774,693,648,600,542,466,371,181,167,166,132,110,84,52,32,52
Lewes,E07000063,E12000008,South East,97502,966,989,1025,1035,1037,1032,1081,1045,1062,1009,1083,1094,1090,1137,1147,1136,1162,1204,1084,993,907,888,965,1025,894,964,846,909,945,932,942,937,874,844,937,938,1024,1048,1208,1260,1226,1343,1365,1472,1489,1458,1619,1446,1459,1516,1365,1296,1396,1336,1259,1251,1284,1237,1318,1301,1275,1381,1390,1548,1620,1264,1245,1282,1185,1005,976,1042,1022,932,936,915,885,823,824,824,785,757,684,628,606,541,490,417,415,369,359,237,172,115,128,73,75,56,33,21,33
Maidstone,E07000110,E12000008,South East,155143,1970,1921,1848,1947,1867,1875,1709,1822,1694,1685,1812,1910,1893,1898,1930,1886,1971,2046,1810,1558,1437,1653,1732,1877,1934,1900,1977,1855,1975,1934,2060,1999,1916,1776,1831,1859,1968,2046,2131,2208,2329,2358,2367,2398,2458,2545,2467,2370,2255,2215,2162,2140,2097,2006,1895,1940,1864,1821,1803,1818,1774,1893,1968,2224,2342,1711,1728,1700,1503,1355,1225,1315,1304,1224,1204,1102,1055,957,926,953,898,829,730,663,618,582,452,452,431,368,359,254,153,109,86,84,73,34,28,20,29
Medway,E06000035,E12000008,South East,263925,3454,3560,3431,3397,3382,3332,3160,3240,3107,3128,3236,3265,3347,3455,3462,3458,3650,3813,3847,4263,4150,3778,3732,3732,3649,3659,3528,3534,3344,3516,3617,3639,3486,3160,3344,3255,3368,3380,3525,3785,3889,3876,3973,3948,4076,3958,4079,3947,3954,3761,3694,3507,3417,3354,3233,2945,2974,2945,2948,2820,2757,2931,3068,3315,3383,2490,2661,2293,2165,1988,1799,1879,1912,1782,1683,1605,1492,1342,1334,1224,1221,1108,927,884,809,729,645,560,486,495,418,310,197,141,120,92,65,56,35,18,40
Mid Sussex,E07000228,E12000008,South East,139860,1580,1641,1696,1700,1726,1682,1665,1681,1609,1538,1661,1677,1749,1790,1878,1832,1874,1826,1562,1131,1088,1182,1331,1449,1440,1393,1420,1513,1567,1617,1544,1667,1637,1541,1654,1639,1822,1946,1939,2105,2139,2184,2227,2242,2214,2267,2291,2308,2202,2046,2015,1928,1940,1849,1804,1764,1821,1652,1709,1671,1650,1699,1763,2069,2107,1550,1680,1537,1452,1137,1078,1134,1102,1098,1036,1027,963,933,908,895,896,817,823,691,652,571,531,499,421,403,395,319,158,117,124,100,82,51,54,25,48
Milton Keynes,E06000042,E12000008,South East,248821,4177,3993,3921,3987,3830,3591,3304,3368,3096,3109,3176,3121,3202,3132,3174,3211,3145,3194,2789,2381,2327,2452,2883,3203,3191,3723,3948,3867,3997,4061,4410,4216,4277,4001,4056,3770,4056,3908,3952,3812,3879,3800,3734,3827,3850,3724,3728,3724,3445,3309,3391,3262,3282,3068,3008,2855,2948,2761,2822,2713,2604,2723,2557,2686,2599,1960,1921,1830,1682,1479,1393,1381,1353,1225,1243,1098,972,962,921,931,882,765,696,663,604,545,563,473,430,360,328,262,130,112,107,74,65,29,17,16,39
Mole Valley,E07000210,E12000008,South East,85375,884,924,901,968,927,930,908,1001,896,997,951,1096,1097,1095,1109,1111,1171,1100,933,697,582,590,762,847,778,792,751,708,756,746,861,830,846,889,904,985,1016,965,1051,1252,1264,1199,1274,1345,1420,1456,1403,1453,1367,1340,1332,1297,1236,1178,1148,1145,1076,1101,1076,1054,995,1175,1091,1293,1376,1098,1083,1023,957,796,742,835,821,789,728,724,712,664,702,655,599,583,514,497,467,411,364,349,304,276,256,194,119,102,94,61,56,37,23,16,23
New Forest,E07000091,E12000008,South East,176462,1722,1677,1735,1714,1744,1664,1710,1726,1677,1735,1843,1896,1962,2011,1953,2179,1944,2044,1890,1669,1542,1558,1657,1787,1602,1525,1489,1451,1559,1520,1607,1603,1559,1484,1587,1622,1841,1946,2064,2191,2282,2179,2413,2318,2489,2651,2679,2650,2680,2556,2522,2314,2577,2375,2309,2297,2304,2357,2396,2394,2406,2498,2685,3086,3214,2386,2630,2409,2292,2024,1900,2043,1866,1972,1904,1786,1792,1650,1650,1550,1616,1437,1422,1246,1235,1113,1063,942,826,737,726,536,303,242,252,196,114,92,70,52,68
Oxford,E07000178,E12000008,South East,151906,2104,1848,1805,1759,1735,1607,1519,1419,1443,1418,1370,1457,1456,1420,1411,1410,1507,1693,3023,5279,5849,5346,4244,3683,3432,3678,3487,3421,3340,3170,2831,2726,2526,2489,2291,1978,1938,1875,1922,1910,1782,1832,1791,1779,1670,1761,1717,1805,1666,1545,1445,1482,1393,1365,1342,1265,1197,1291,1229,1166,1214,1195,1175,1149,1191,915,1025,943,895,805,748,806,770,729,716,655,653,579,597,582,594,520,505,463,443,413,361,348,320,300,263,163,119,89,86,70,63,25,34,23,20
Portsmouth,E06000044,E12000008,South East,205056,2820,2874,2650,2619,2585,2438,2274,2258,2066,1995,2094,2210,2100,2324,2199,2294,2340,2288,3582,5452,6012,5411,4319,3682,3337,3614,3590,3423,3222,3142,3057,2968,2722,2554,2559,2571,2551,2625,2829,2808,2961,2845,2770,2860,2844,2823,2782,2784,2811,2648,2610,2491,2369,2239,2217,1929,1918,1893,1790,1782,1746,1875,1937,2073,2189,1724,1654,1459,1507,1311,1212,1339,1255,1261,1139,1169,1070,1027,991,953,953,881,817,705,644,681,588,575,523,425,415,331,197,156,124,98,78,65,32,18,35
Reading,E06000038,E12000008,South East,155698,2601,2446,2408,2368,2114,1950,1788,1725,1580,1513,1562,1624,1561,1571,1650,1655,1639,1640,2029,2846,3370,3091,2630,2727,2756,2954,2999,3017,3084,3059,3259,3425,2994,2801,2765,2514,2496,2383,2394,2371,2345,2256,2156,2173,2174,2041,2096,2009,1913,1851,1839,1675,1690,1588,1477,1460,1428,1364,1366,1233,1189,1223,1269,1398,1294,1025,1064,1038,910,865,845,856,827,839,789,742,706,686,629,633,608,558,561,510,499,391,372,345,301,295,267,192,111,84,67,67,44,26,28,18,34
Reigate and Banstead,E07000211,E12000008,South East,137835,1816,1850,1853,1827,1807,1712,1542,1724,1586,1527,1612,1635,1672,1630,1669,1648,1689,1633,1496,1210,1161,1294,1408,1600,1502,1620,1644,1556,1545,1782,1876,1943,1972,1938,1947,1936,1961,2000,2037,2184,2122,2081,2109,2162,2229,2316,2202,2183,2168,2077,1946,1849,1859,1777,1679,1591,1580,1592,1491,1579,1567,1621,1644,1838,1796,1321,1409,1274,1231,1028,966,995,1042,958,957,874,883,868,813,844,745,772,668,624,610,593,515,484,450,385,384,277,192,143,115,93,71,46,30,28,45
Rother,E07000064,E12000008,South East,90588,818,769,761,842,809,840,833,815,800,808,894,970,1056,1068,1131,1015,1108,1129,985,801,732,701,761,735,703,676,693,682,668,658,623,695,657,604,605,710,742,795,901,962,1039,1090,1171,1204,1228,1301,1309,1324,1305,1306,1159,1214,1250,1187,1204,1191,1195,1215,1241,1175,1344,1430,1484,1758,1946,1366,1499,1381,1280,1170,1067,1175,1116,1104,1107,1053,1019,988,871,908,896,845,835,717,742,678,602,581,499,476,473,351,197,166,171,120,94,71,43,36,66
Runnymede,E07000212,E12000008,South East,80510,982,963,970,975,912,869,801,861,809,728,841,824,835,845,802,840,806,902,1203,1710,1926,1714,1301,1052,974,900,930,836,902,944,1038,1056,1028,1019,996,1140,1102,1167,1221,1159,1093,1224,1149,1184,1182,1180,1225,1264,1229,1123,1181,1083,1026,1062,925,945,915,895,831,826,802,877,937,977,1024,781,772,756,746,609,602,626,598,606,512,599,585,547,524,502,514,459,403,381,289,320,279,281,255,215,189,135,84,71,55,47,49,27,24,12,14
Rushmoor,E07000092,E12000008,South East,93807,1407,1415,1320,1297,1308,1245,1184,1121,988,1030,1021,1082,1111,1128,1098,1198,1299,1233,1230,1056,1207,1285,1313,1408,1469,1342,1395,1451,1496,1598,1639,1550,1456,1434,1415,1483,1514,1489,1563,1561,1491,1529,1476,1480,1499,1556,1506,1405,1412,1322,1257,1192,1111,1043,1062,954,939,944,864,871,865,839,914,987,1006,726,744,736,673,597,579,548,589,520,530,447,444,400,387,365,357,355,297,298,276,252,211,207,210,135,140,98,70,47,55,50,31,33,12,6,19
Sevenoaks,E07000111,E12000008,South East,114893,1357,1394,1360,1424,1441,1476,1400,1385,1301,1371,1321,1462,1493,1412,1405,1410,1596,1584,1310,977,885,969,1143,1129,1106,1032,1103,1005,974,1120,1225,1304,1220,1246,1268,1298,1423,1510,1524,1619,1681,1661,1728,1794,1876,1925,1869,1823,1744,1723,1734,1583,1583,1591,1539,1399,1422,1514,1425,1442,1494,1514,1587,1755,1838,1402,1362,1296,1253,1005,1014,1008,1010,929,1005,890,870,845,776,813,772,746,625,602,507,503,401,358,325,321,300,219,131,89,95,59,38,34,18,17,29
Slough,E06000039,E12000008,South East,140205,2663,2668,2490,2500,2456,2308,2034,1934,1897,1821,1809,1820,1752,1797,1856,1755,1858,1806,1620,1535,1590,1729,1900,2067,2288,2437,2544,2664,2900,2806,3061,2974,2860,2629,2677,2469,2304,2235,2351,2249,2095,2032,2085,2000,1881,1944,1858,1670,1751,1770,1634,1548,1532,1500,1417,1370,1355,1259,1211,1196,1110,1086,1004,1016,944,727,733,717,741,618,663,706,584,583,565,562,547,539,514,464,495,410,353,333,288,295,256,191,175,186,172,134,76,50,35,24,33,17,15,7,16
South Bucks,E07000006,E12000008,South East,66867,712,774,774,834,837,759,766,766,738,788,780,829,836,816,829,828,842,894,758,575,472,561,643,726,712,703,620,711,689,691,652,714,683,703,712,754,758,769,846,930,991,974,1061,1065,1111,1036,1093,1109,1070,1104,1090,1021,994,935,962,863,909,815,842,804,766,795,837,955,930,727,742,739,666,563,651,633,647,601,583,527,545,482,472,451,468,471,401,369,292,318,240,249,223,204,183,122,101,52,67,49,39,25,22,9,18
South Oxfordshire,E07000179,E12000008,South East,134257,1703,1589,1541,1718,1662,1709,1527,1573,1526,1508,1572,1653,1642,1666,1677,1759,1625,1637,1455,1265,1069,1139,1280,1375,1351,1391,1430,1491,1437,1406,1502,1578,1511,1490,1480,1630,1779,1833,1937,2033,2059,2102,2158,2221,2267,2220,2220,2202,2111,2010,2047,1924,1839,1833,1710,1665,1649,1658,1588,1523,1665,1621,1694,1814,1928,1558,1607,1526,1396,1168,1177,1223,1183,1164,1038,1031,993,851,887,829,757,724,692,605,596,518,469,467,384,357,322,223,144,134,104,86,48,36,28,17,38
Southampton,E06000045,E12000008,South East,236882,3385,3148,3068,2970,2836,2668,2366,2372,2202,2239,2210,2252,2342,2360,2391,2539,2440,2361,4113,6489,7459,7002,5526,4957,4440,4504,4472,4243,4299,4267,4200,4082,3665,3376,3277,3304,3103,3141,3115,3023,3094,2847,2817,2865,2979,2986,3096,2931,2930,2854,2597,2537,2605,2555,2422,2265,2182,2191,2128,2073,2152,2149,2135,2208,2302,1894,1864,1707,1672,1510,1360,1392,1373,1401,1270,1218,1156,1131,1172,1225,1098,990,996,855,820,745,691,609,540,499,442,307,216,150,148,107,80,48,26,23,41
Spelthorne,E07000213,E12000008,South East,95598,1235,1173,1220,1202,1187,1093,1032,1075,1004,961,993,983,1071,1080,1048,1152,1192,1068,1060,924,931,995,1066,1104,1083,1125,1139,1120,1220,1336,1287,1396,1304,1297,1321,1257,1323,1254,1336,1483,1496,1472,1499,1435,1540,1604,1542,1554,1604,1541,1469,1334,1278,1215,1175,1155,1082,1063,1067,1052,1077,1048,1089,1152,1245,944,978,946,917,752,795,851,746,774,804,733,652,609,674,664,624,537,487,458,403,372,322,334,273,246,249,153,106,62,62,48,30,33,11,13,18
Surrey Heath,E07000214,E12000008,South East,86144,981,1023,1079,1003,1043,1058,1057,1030,982,1026,1031,1078,1147,1073,1135,1096,1162,1126,1028,719,668,782,881,990,886,890,844,925,961,961,1023,1061,1018,923,1047,1053,1173,1190,1325,1392,1416,1406,1400,1433,1446,1497,1445,1420,1403,1379,1341,1250,1228,1197,1130,1111,1080,1030,984,986,943,991,1025,1162,1166,862,892,942,848,723,669,729,695,650,658,704,612,562,535,541,468,424,412,359,292,305,271,223,203,180,191,117,70,68,66,32,29,33,12,12,16
Swale,E07000113,E12000008,South East,135835,1774,1758,1728,1751,1736,1721,1540,1538,1575,1598,1587,1726,1792,1836,1839,1797,1851,1813,1738,1511,1465,1535,1590,1592,1608,1605,1658,1665,1570,1682,1676,1684,1521,1394,1500,1543,1577,1673,1810,1892,1953,1920,2055,2068,2076,2163,2185,2146,2025,1983,1849,1895,1792,1766,1677,1676,1600,1664,1526,1520,1612,1774,1801,1995,2042,1520,1679,1502,1319,1160,1132,1192,1148,1071,968,958,900,778,767,765,733,691,600,564,517,404,398,354,285,303,273,212,103,92,59,52,36,28,27,17,16
Tandridge,E07000215,E12000008,South East,82998,913,956,987,1029,1001,974,947,974,931,889,1020,1014,1117,1092,1148,1084,1138,1115,944,703,675,749,823,909,841,766,775,776,757,831,879,979,901,898,915,902,1029,1006,1172,1172,1214,1224,1253,1347,1364,1355,1333,1413,1349,1339,1272,1138,1194,1188,1108,1054,1034,1078,1029,1014,984,1030,1100,1246,1252,988,971,957,870,713,705,722,700,650,614,591,538,586,549,543,499,524,454,464,426,327,353,300,251,186,217,179,105,91,76,58,47,44,21,19,17
Test Valley,E07000093,E12000008,South East,116398,1322,1301,1403,1383,1302,1388,1274,1352,1265,1317,1360,1405,1442,1424,1486,1560,1443,1608,1348,1122,1046,1099,1159,1277,1113,1129,1068,1031,1058,1113,1216,1202,1156,1174,1240,1417,1461,1531,1644,1659,1817,1721,1757,1764,1907,1960,2010,1924,1897,1915,1760,1725,1681,1640,1586,1512,1471,1457,1453,1423,1473,1617,1578,1782,1873,1389,1477,1368,1298,1108,956,1047,1022,1022,948,905,915,748,716,729,663,644,587,534,484,447,376,395,313,295,278,186,136,96,95,72,48,41,23,12,24
Thanet,E07000114,E12000008,South East,134186,1634,1568,1629,1630,1632,1536,1437,1463,1352,1453,1557,1598,1770,1828,1817,1726,1660,1813,1760,1634,1552,1384,1528,1475,1457,1529,1437,1500,1346,1508,1455,1430,1362,1285,1281,1326,1414,1399,1568,1640,1784,1691,1793,1794,1870,1838,1913,1836,1913,1846,1767,1704,1669,1658,1663,1602,1571,1680,1631,1596,1735,1699,1840,2159,2148,1638,1768,1599,1534,1369,1265,1313,1301,1267,1255,1114,1116,983,1051,974,1011,891,907,772,752,675,648,567,512,464,468,341,185,145,158,105,98,63,35,27,42
Tonbridge and Malling,E07000115,E12000008,South East,120805,1377,1451,1542,1537,1540,1591,1546,1528,1494,1509,1574,1591,1607,1734,1663,1700,1813,1831,1548,1186,1099,1076,1233,1200,1233,1216,1119,1122,1122,1225,1288,1318,1308,1390,1295,1449,1562,1735,1787,1917,1925,1968,1888,1996,2054,1976,1974,1946,1897,1875,1746,1741,1697,1596,1550,1396,1422,1333,1413,1336,1289,1398,1447,1706,1753,1185,1340,1298,1238,1027,1004,1008,1017,975,949,875,890,818,762,688,670,693,532,527,495,385,341,320,275,259,229,186,97,66,91,55,49,30,14,14,25
Tunbridge Wells,E07000116,E12000008,South East,115049,1429,1429,1466,1436,1548,1414,1393,1435,1351,1383,1439,1353,1596,1687,1596,1611,1719,1584,1350,940,926,1021,1164,1265,1199,1415,1379,1272,1347,1396,1466,1453,1371,1328,1356,1407,1512,1671,1749,1774,1768,1739,1835,1865,1984,1830,1908,1878,1771,1684,1629,1530,1566,1504,1423,1212,1385,1348,1255,1201,1236,1340,1429,1516,1508,1140,1221,1147,1058,921,834,907,836,823,757,742,726,701,699,677,677,626,577,567,501,409,428,347,326,326,275,214,148,106,88,93,57,46,27,16,32
Vale of White Horse,E07000180,E12000008,South East,120988,1537,1417,1500,1464,1493,1385,1370,1373,1305,1294,1429,1458,1421,1527,1532,1616,1577,1611,1458,1155,1036,1059,1205,1284,1343,1372,1355,1361,1447,1424,1446,1469,1483,1496,1438,1420,1493,1592,1694,1700,1751,1728,1811,1843,1813,1891,1954,1873,1884,1802,1799,1693,1741,1668,1517,1556,1451,1541,1421,1471,1513,1540,1555,1684,1688,1262,1417,1329,1222,1087,999,1058,1042,988,967,931,883,795,837,759,771,677,583,539,563,486,420,356,374,343,299,224,127,97,79,69,61,38,30,16,33
Waverley,E07000216,E12000008,South East,121572,1332,1445,1455,1563,1546,1516,1485,1547,1371,1416,1461,1493,1572,1577,1624,1691,1698,1825,1539,1157,1002,934,1031,1089,1045,1046,1010,1076,1046,1070,1178,1297,1217,1300,1392,1431,1570,1675,1768,1904,1903,1791,1805,1948,1886,1920,1923,1936,1849,1804,1758,1711,1604,1662,1565,1511,1450,1504,1381,1409,1466,1542,1560,1745,1723,1387,1491,1433,1326,1073,1067,1046,1070,1072,996,1019,946,895,905,820,766,749,685,599,606,552,516,469,418,413,367,307,180,133,142,93,103,63,52,24,39
Wealden,E07000065,E12000008,South East,148915,1383,1390,1493,1623,1619,1664,1549,1653,1616,1618,1659,1772,1891,1901,1800,1841,1919,1918,1754,1376,1256,1144,1261,1373,1272,1217,1306,1158,1255,1225,1207,1223,1241,1194,1267,1273,1509,1584,1774,1906,1987,2038,2121,2273,2361,2298,2429,2454,2351,2310,2174,2142,2178,2047,2065,2040,1928,1953,1977,1948,2065,2041,2216,2618,2675,2044,2189,2049,1952,1710,1465,1602,1636,1512,1419,1390,1361,1283,1225,1191,1202,1061,998,916,843,775,694,652,566,493,510,386,260,184,166,116,107,57,41,32,55
West Berkshire,E06000037,E12000008,South East,153822,2075,1968,2005,2085,1932,1905,1763,1844,1795,1710,1878,2004,1936,2009,2087,2095,2188,2115,1857,1378,1258,1306,1527,1624,1626,1643,1578,1732,1689,1864,1842,1878,1817,1855,1914,2055,2046,2289,2315,2404,2582,2367,2573,2512,2561,2540,2524,2537,2474,2411,2298,2176,2240,2179,2072,1974,1908,1864,1895,1865,1910,1819,1862,2097,2065,1627,1674,1533,1390,1182,1205,1129,1146,1064,999,964,907,856,801,809,800,713,640,558,542,534,439,403,391,298,269,233,116,103,74,60,63,36,30,15,23
West Oxfordshire,E07000181,E12000008,South East,104779,1295,1307,1221,1270,1269,1169,1145,1215,1123,1107,1137,1206,1202,1303,1208,1290,1273,1257,1174,1004,957,1020,1059,1151,1121,1132,1149,1243,1250,1269,1275,1257,1259,1172,1199,1217,1271,1390,1503,1598,1654,1528,1607,1594,1685,1649,1701,1771,1658,1649,1562,1474,1376,1416,1356,1277,1283,1236,1222,1205,1302,1361,1370,1472,1442,1191,1284,1129,1163,918,918,951,902,841,816,825,733,716,678,667,651,589,612,465,473,400,397,388,292,279,262,203,112,84,108,58,52,37,27,19,22
Winchester,E07000094,E12000008,South East,116595,1246,1230,1307,1374,1423,1346,1287,1338,1220,1306,1318,1328,1355,1473,1479,1455,1532,1721,1655,1771,1946,1761,1398,1314,1098,1142,1094,1121,1106,1172,1188,1291,1246,1253,1253,1269,1449,1500,1551,1722,1651,1510,1634,1734,1759,1789,1812,1779,1800,1719,1722,1545,1486,1660,1572,1399,1392,1386,1363,1394,1486,1406,1470,1617,1693,1337,1424,1257,1171,1004,995,1083,1006,990,897,890,821,786,793,756,731,666,689,633,567,480,469,395,403,322,301,223,156,123,110,91,63,43,39,25,40
Windsor and Maidenhead,E06000040,E12000008,South East,144560,1835,1936,1912,1838,1844,1830,1715,1707,1695,1637,1684,1723,1740,1867,1849,1848,1977,1933,1570,1015,1115,1271,1495,1564,1666,1711,1761,1760,1663,1946,1928,1952,1876,1942,1980,1956,2119,2078,2201,2272,2376,2272,2362,2309,2326,2321,2317,2169,2251,2137,2072,1878,1878,1862,1689,1624,1641,1632,1607,1657,1560,1638,1677,1950,1867,1447,1589,1445,1350,1112,1066,1197,1091,1108,1019,980,967,917,912,841,877,765,682,636,587,533,491,450,413,356,312,254,154,117,120,92,59,44,47,21,26
Woking,E07000217,E12000008,South East,99198,1505,1477,1455,1454,1387,1332,1232,1158,1112,1169,1150,1062,1161,1133,1072,1154,1105,1158,1043,860,832,807,1026,1169,1127,1254,1291,1342,1416,1509,1608,1571,1554,1541,1529,1657,1645,1633,1587,1581,1591,1485,1573,1508,1530,1535,1535,1505,1490,1353,1382,1302,1301,1290,1219,1143,1118,1044,1110,1028,1046,1067,1086,1143,1113,892,917,831,743,707,660,648,655,668,659,656,547,578,564,538,534,511,450,362,397,365,368,280,260,254,210,154,97,72,77,55,32,36,21,19,26
Wokingham,E06000041,E12000008,South East,154380,2009,1913,2016,2072,2021,1926,1936,1896,1901,1892,1869,1999,2035,1953,1884,2048,2043,2047,1855,1494,1303,1305,1560,1687,1573,1668,1607,1527,1591,1678,1874,1921,1862,1985,2140,2085,2256,2281,2462,2415,2456,2497,2440,2490,2577,2517,2603,2618,2507,2535,2437,2235,2215,2245,2041,1889,1888,1809,1771,1806,1716,1787,1815,2060,2048,1519,1633,1534,1370,1281,1124,1175,1187,1129,1100,1021,976,909,874,857,814,692,649,544,455,471,387,398,326,314,286,195,131,78,99,77,70,37,25,19,33
Worthing,E07000229,E12000008,South East,104640,1257,1267,1265,1285,1272,1169,1136,1133,1043,1078,1053,1092,1154,1191,1094,1180,1159,1111,1180,1029,1063,1102,1045,1228,1059,1162,1216,1156,1212,1267,1340,1319,1261,1254,1241,1239,1304,1441,1447,1507,1605,1497,1637,1570,1624,1608,1635,1668,1554,1454,1476,1374,1404,1275,1246,1169,1216,1145,1131,1191,1135,1188,1336,1442,1475,1119,1139,1122,1104,860,880,976,906,896,939,833,825,794,755,779,830,762,715,605,657,571,554,501,422,456,410,295,151,149,124,134,75,71,71,30,64
Wycombe,E07000007,E12000008,South East,171644,2255,2122,2313,2226,2167,2262,2217,2044,2093,2102,2127,2255,2099,2198,2177,2200,2263,2239,2082,2044,2108,2046,2148,2049,2053,2066,2057,2137,2148,2207,2240,2284,2182,2199,2222,2188,2259,2405,2562,2575,2639,2666,2616,2666,2687,2593,2651,2617,2465,2444,2354,2207,2172,2157,2010,2041,2022,1975,1974,1918,1837,1942,1881,2109,2185,1599,1863,1679,1690,1361,1230,1372,1326,1259,1218,1178,1119,1073,1008,980,890,848,757,680,621,521,492,474,398,360,315,253,127,102,121,65,74,58,35,22,28
Barking and Dagenham,E09000002,E12000007,London,185911,3735,3726,3783,3763,3669,3323,2959,2707,2694,2648,2559,2405,2516,2758,2519,2534,2637,2609,2516,2289,2502,2431,2527,2849,2744,2797,3045,2924,3137,3068,3195,3087,3027,2997,2935,2944,3044,2901,2888,2729,2907,2696,2761,2723,2629,2567,2555,2451,2399,2244,2248,2099,1979,1899,1787,1632,1606,1576,1526,1387,1398,1370,1336,1349,1346,1114,1043,943,1022,828,816,910,899,874,827,807,782,729,722,739,758,722,575,642,506,535,478,421,338,330,259,214,109,84,80,60,52,39,24,11,29
Barnet,E09000003,E12000007,London,356386,5439,5324,5192,5286,4998,4850,4589,4365,4362,4186,4163,4328,4257,4319,4226,4350,4380,4459,3811,3580,3796,4185,4804,5602,5526,6050,6123,6148,6463,6641,6401,6294,6115,5696,5665,5546,5491,5383,5368,5316,5421,5397,5286,5280,5205,5041,4831,4968,4619,4520,4526,4215,4268,4082,3757,3814,3564,3382,3408,3381,3332,3389,3401,3348,3442,2942,2912,2785,2543,2144,2048,2158,2144,2016,2031,1956,1894,1778,1758,1648,1643,1526,1415,1216,1200,1112,1051,987,875,760,660,501,345,306,257,205,194,119,102,74,127
Bexley,E09000004,E12000007,London,231997,2975,3048,3020,3105,3034,2926,2793,2816,2668,2812,2897,2985,3044,3020,3072,3351,3213,3361,3075,2828,3061,2983,3039,2908,2841,2854,2740,2786,2825,2836,2970,3026,2927,2737,2813,2768,2902,2947,3114,3261,3371,3466,3578,3485,3781,3700,3670,3706,3540,3378,3442,3132,3086,3005,2830,2634,2553,2419,2404,2429,2381,2398,2475,2767,2774,2141,2174,1959,2024,1618,1637,1831,1809,1760,1742,1660,1561,1486,1458,1316,1381,1286,1182,1068,1010,811,762,684,607,539,494,344,214,154,153,116,70,50,39,34,38
Brent,E09000005,E12000007,London,311215,4783,4625,4427,4353,4258,3907,3845,3769,3529,3598,3606,3629,3414,3634,3659,3721,3722,3885,3686,3575,3834,4188,4873,5582,5721,6831,6872,6987,7023,6985,6820,6495,5925,5612,5338,5240,4919,4789,4833,4543,4442,4539,4345,4351,4097,4286,4248,4128,4023,3861,3965,3845,3797,3507,3359,3290,2994,2803,2741,2615,2628,2625,2374,2363,2278,2037,1971,1885,1907,1780,1646,1788,1710,1580,1640,1464,1460,1328,1262,1170,1110,1021,857,760,705,574,591,484,400,359,283,268,138,117,80,86,64,55,34,23,39
Bromley,E09000006,E12000007,London,309392,3963,4119,4011,3988,4014,3814,3711,3636,3517,3383,3639,3563,3779,3778,3853,3818,3888,4024,3459,2723,2793,2949,3354,3571,3452,3503,3399,3526,3654,3805,4194,4363,4199,4125,4183,4162,4424,4377,4618,4633,4980,4883,4914,5065,5012,5053,5012,5088,4632,4527,4596,4195,4121,3960,3812,3615,3454,3394,3328,3258,3367,3469,3606,3964,4086,3075,3087,2879,2794,2342,2258,2386,2380,2353,2216,2119,2031,1974,2030,2070,1861,1868,1683,1489,1327,1248,1097,1011,899,831,798,525,314,251,232,182,141,112,67,39,68
Camden,E09000007,E12000007,London,220338,2889,2761,2599,2551,2368,2263,2247,2271,2035,2082,2097,1963,1826,1853,1855,1805,1763,1777,2842,4336,4539,4171,4328,4478,4347,4863,5083,5128,5347,5502,5519,5382,4888,4436,4202,4207,3978,3791,3730,3463,3440,3229,3306,3045,2957,2839,2783,2712,2515,2395,2449,2213,2215,2150,1931,2019,1864,1875,1832,1772,1766,1817,1913,1896,1863,1592,1661,1481,1373,1199,1145,1179,1228,1039,1040,990,968,850,841,793,866,756,692,584,557,492,491,396,356,313,270,224,133,84,93,78,70,52,40,22,29
City of London,E09000001,E12000007,London,7375,70,52,41,34,39,32,47,38,40,25,39,28,35,41,26,33,31,41,51,41,70,60,123,143,149,170,189,193,220,184,182,182,153,153,150,122,136,104,118,118,141,101,136,151,98,126,133,115,116,110,97,88,94,108,84,90,106,93,93,94,88,92,87,115,81,73,74,60,73,49,54,54,62,46,42,50,34,26,38,37,28,25,31,38,24,28,16,13,7,11,16,3,6,3,3,3,2,3,2,1,0
Croydon,E09000008,E12000007,London,363378,5730,5662,5535,5619,5426,4937,4843,4608,4394,4314,4412,4658,4575,4592,4893,4912,4917,5017,4648,4072,4177,4246,4725,5067,5376,5454,5253,5316,5694,5975,5963,5859,5907,5427,5486,5533,5358,5070,5256,5476,5399,5316,5472,5393,5524,5947,5795,5801,5677,5308,5072,4834,4652,4347,4166,4062,3908,3776,3568,3575,3292,3282,3346,3536,3573,2747,2642,2558,2524,2116,2113,2151,2145,2101,2058,1977,1893,1782,1613,1655,1525,1350,1237,1173,1113,933,882,777,716,573,509,437,214,235,173,134,105,72,57,29,56
Ealing,E09000009,E12000007,London,338449,5414,5199,4991,5034,4788,4480,4227,3888,3889,3901,3775,3841,3819,3793,3815,4023,3707,4021,3567,3355,3896,4142,4819,5720,5975,6550,6686,6664,6988,7110,7272,7001,6828,6313,6163,5967,5872,5716,5516,5300,5281,5277,5131,4932,4877,4879,4811,4574,4404,4209,4167,3843,3804,3664,3529,3523,3458,3366,3228,3044,2889,2820,2841,2850,2796,2187,2214,2078,2038,1870,1777,1864,1867,1852,1672,1664,1544,1434,1336,1290,1197,1056,945,894,792,779,658,609,525,452,453,338,157,152,122,129,72,77,34,20,79
Enfield,E09000010,E12000007,London,312466,4995,4886,4893,4973,4766,4663,4302,4082,3965,3918,4048,3963,4120,4049,4125,4253,4253,4294,3980,3731,3924,4148,4361,4678,4615,4923,5070,4704,5070,5190,5055,4962,4936,4647,4529,4321,4405,4415,4631,4438,4686,4766,4732,4790,4872,4777,4841,4531,4565,4183,4106,3990,3813,3642,3418,3250,3117,3027,2811,2783,2750,2671,2654,2800,2777,2433,2358,2328,2128,1917,1776,1998,1860,1830,1764,1677,1596,1527,1448,1372,1347,1229,1070,986,907,834,799,661,623,532,432,380,242,175,169,120,105,76,51,34,49
Greenwich,E09000011,E12000007,London,254557,4307,4293,4282,4173,3890,3886,3422,3135,2928,2954,2983,3009,2975,2944,3073,3140,2879,3099,3442,3501,3608,3967,4077,4177,4158,4246,4266,4416,4548,4637,5171,5409,5118,4759,4756,4335,4431,4255,4189,4044,4089,3820,3744,3735,3730,3622,3542,3454,3237,3279,3129,2955,2834,2684,2450,2479,2290,2217,2097,2000,1878,2033,1911,2184,2166,1690,1688,1455,1382,1280,1288,1312,1238,1192,1150,1155,1018,982,902,882,900,808,728,682,635,605,558,467,437,385,383,278,150,117,110,80,65,37,29,12,36
Hackney,E09000012,E12000007,London,246270,4222,3948,3769,3573,3637,3487,3129,3002,2919,2823,2839,2773,2752,2790,2724,2738,2683,2587,2722,2680,3197,3604,4129,4985,5770,6213,6693,6943,7078,6911,7000,6612,6078,5416,4971,4595,4591,4082,4127,3940,3651,3552,3416,3369,3405,3237,3292,2937,2900,2732,2601,2437,2348,2098,2041,2034,1852,1727,1727,1516,1550,1535,1431,1405,1350,1135,1152,1063,1018,935,904,909,890,807,860,789,803,628,630,580,552,530,481,406,376,318,322,266,244,174,161,138,103,54,39,31,30,24,12,6,25
Hammersmith and Fulham,E09000013,E12000007,London,182493,2745,2493,2334,2146,2182,1954,1799,1693,1616,1497,1613,1600,1516,1400,1492,1550,1461,1422,1551,1932,2436,2657,3365,4161,4660,5018,5343,5323,5212,5125,5082,4769,4328,4011,3818,3663,3614,3450,3284,3171,2940,2755,2759,2607,2608,2416,2454,2277,2174,2093,1948,1776,1775,1660,1544,1518,1477,1454,1346,1336,1317,1309,1299,1409,1343,1089,1060,1056,949,857,878,929,826,743,715,674,653,594,564,550,552,501,449,398,365,350,280,259,224,184,182,151,85,65,66,50,41,33,10,12,19
Haringey,E09000014,E12000007,London,254926,3785,3768,3603,3573,3383,3398,3232,3168,3040,2937,3046,3055,2976,3086,3071,2949,2799,2801,2797,2907,2984,3225,3749,4365,4512,5168,5621,5711,5774,5788,6107,5882,5826,5524,5200,4807,4520,4548,4386,4423,4327,3967,4007,3932,3902,3832,3799,3491,3395,3139,2941,2851,2664,2522,2438,2407,2180,2061,2067,1898,1890,1988,1792,1828,1745,1459,1507,1355,1214,1145,1167,1239,1221,1116,1152,1026,960,844,880,796,737,681,555,461,433,402,368,312,266,228,226,169,100,86,68,55,43,40,24,14,20
Harrow,E09000015,E12000007,London,239056,3215,3218,3225,3220,3038,3072,2944,2991,2779,2635,2769,2861,2806,3009,3145,3131,3153,3451,3023,2346,2462,2915,3362,3731,3596,3697,3966,3832,3814,4036,4160,4030,3900,3716,3802,3395,3451,3385,3466,3415,3455,3252,3337,3334,3260,3300,3252,3304,3261,3221,3176,3091,3054,2891,2945,2834,2774,2581,2500,2395,2499,2405,2319,2421,2366,2041,2051,1907,1785,1588,1563,1723,1684,1550,1528,1486,1483,1385,1210,1162,1184,1136,936,893,784,727,656,605,537,457,404,324,169,169,123,110,105,64,50,35,53
Havering,E09000016,E12000007,London,237232,2628,2714,2784,2794,2741,2760,2697,2686,2504,2583,2667,2863,2941,2852,3042,3132,3243,3196,3086,2701,2886,2868,3123,3131,2968,3010,2929,2901,2884,2938,3043,3008,2883,2639,2911,2779,2890,2847,3022,3196,3298,3383,3381,3407,3602,3563,3597,3574,3531,3394,3567,3368,3335,3246,3004,2823,2714,2795,2680,2662,2685,2704,2756,3170,3246,2425,2348,2297,2136,1847,1830,1987,1902,1906,1883,1859,1807,1630,1748,1675,1603,1520,1436,1278,1104,1030,947,859,746,614,532,408,225,185,151,98,83,66,43,22,47
Hillingdon,E09000017,E12000007,London,273936,3947,4146,3854,4016,3741,3743,3424,3327,3230,3191,3248,3407,3373,3498,3351,3397,3534,3693,3900,4509,4711,4463,4458,4179,4123,4124,4076,4177,4268,4233,4477,4455,4438,4171,3966,4052,3902,4048,3943,4067,3897,3943,3866,4060,3913,3969,3990,3801,3816,3765,3553,3414,3309,3265,3026,2976,2869,2637,2622,2421,2401,2494,2492,2732,2667,2060,2121,1962,1859,1633,1626,1754,1655,1696,1695,1571,1576,1410,1392,1297,1255,1133,1031,913,847,739,655,620,514,508,448,363,205,142,125,113,84,52,43,38,43
Hounslow,E09000018,E12000007,London,253957,4223,4008,4001,3888,3605,3368,3186,2858,2779,2708,2743,2740,2724,2931,2807,2964,2956,2998,2863,2896,2996,3254,3720,4317,4325,4957,5139,5075,5486,5574,5424,5381,5000,4926,4734,4573,4393,4101,4174,3903,3827,3725,3541,3599,3452,3552,3461,3361,3228,3102,3113,2924,2926,2730,2809,2566,2542,2385,2377,2335,2153,2270,2113,2160,2149,1691,1711,1592,1517,1405,1321,1407,1387,1300,1261,1176,1112,1009,1048,952,922,828,691,627,617,504,491,482,417,326,284,227,124,113,78,67,43,51,27,23,28
Islington,E09000019,E12000007,London,206125,2676,2595,2425,2341,2252,2095,1906,1899,1866,1817,1873,1828,1799,1828,1790,1835,1749,1811,2364,3041,3288,3457,3959,4588,5161,5726,6150,6027,6024,5817,5821,5603,5014,4306,4123,3873,3528,3431,3377,3281,3163,2989,3051,2917,2956,2948,2820,2594,2668,2337,2309,2091,2030,1926,1817,1758,1638,1586,1478,1441,1384,1435,1478,1479,1452,1108,1170,1130,1077,910,906,939,944,862,839,745,716,720,686,611,629,571,497,444,401,394,317,254,256,222,196,158,69,53,69,46,26,24,17,14,16
Kensington and Chelsea,E09000020,E12000007,London,158649,1946,1886,1802,1742,1813,1638,1550,1577,1477,1372,1413,1360,1282,1224,1163,1137,1090,1218,1380,1650,1846,2025,2272,2631,2548,2999,3071,3418,3590,3524,3925,3855,3740,3485,3340,3025,2903,2877,2767,2828,2544,2501,2557,2430,2400,2417,2345,2323,2197,2094,2069,1980,1900,1791,1735,1579,1585,1516,1540,1466,1658,1624,1630,1607,1657,1331,1397,1269,1222,1052,943,1021,965,863,865,733,746,624,576,583,599,540,476,437,406,353,346,296,304,240,223,183,120,91,86,56,44,44,35,20,26
Kingston upon Thames,E09000021,E12000007,London,160060,2317,2181,2276,2182,2008,1928,1865,1854,1631,1688,1655,1754,1732,1732,1668,1799,1748,1674,1985,2658,3001,2916,2711,2533,2344,2430,2263,2522,2588,2555,2746,2695,2627,2624,2664,2739,2681,2634,2690,2663,2485,2471,2451,2373,2377,2356,2320,2232,2191,2027,2091,1958,1934,1738,1783,1623,1634,1667,1555,1493,1553,1536,1626,1621,1646,1270,1190,1148,1150,936,948,943,919,845,892,784,759,746,738,726,696,670,609,568,479,530,457,423,359,367,332,256,129,113,107,81,62,42,36,22,26
Lambeth,E09000022,E12000007,London,303086,4517,4322,4167,3977,3718,3675,3258,3263,3052,3128,2940,3014,2938,2985,2877,2955,2844,2732,2853,2674,3228,3904,5152,6629,7789,8575,8785,8672,8604,8499,8500,7876,7612,6760,6257,5934,5670,5255,5221,5118,4938,4540,4643,4572,4395,4550,4517,4212,3915,3703,3609,3321,3043,2934,2694,2540,2406,2288,2143,1995,1874,1913,1752,1780,1693,1376,1406,1317,1338,1186,1285,1249,1203,1121,1136,983,934,822,863,836,804,755,642,550,536,506,414,381,333,302,256,181,104,85,62,52,59,35,32,17,26
Lewisham,E09000023,E12000007,London,275885,4679,4513,4437,4319,4056,3927,3352,3301,3113,2972,3018,3212,2869,3055,3114,3199,3154,3217,3293,3264,3599,3696,4468,4414,4706,4971,5079,5381,5359,5675,5962,5733,6004,5424,5540,5093,4758,4662,4821,4879,4536,4360,4334,4349,4340,4181,4308,4099,4035,3858,3616,3174,3130,3014,2816,2626,2432,2197,2165,2103,2017,1897,1901,2056,1918,1567,1517,1433,1480,1287,1270,1291,1304,1317,1175,1159,1077,1015,944,918,914,902,761,675,648,611,517,424,392,327,321,250,130,132,94,78,58,48,35,28,36
Merton,E09000024,E12000007,London,199693,3204,3136,2853,2878,2759,2537,2405,2283,2059,2123,2116,2055,2075,2093,2135,2142,2177,2241,2131,1718,1749,2101,2517,3001,3084,3562,3864,4003,4182,4266,4424,4381,4234,3889,3976,3643,3542,3392,3429,3249,3203,3097,3125,3101,2978,2972,2816,2873,2781,2597,2430,2372,2217,2147,2128,2060,1888,1831,1764,1806,1734,1744,1765,1825,1709,1394,1403,1259,1180,1138,1168,1126,1094,1095,1023,1009,891,872,930,822,847,738,652,654,550,508,441,453,373,330,285,264,127,109,104,86,61,44,26,31,35
Newham,E09000025,E12000007,London,307984,5362,5234,4992,5055,4741,4581,4262,4003,4081,3907,3967,3818,3915,3910,3977,4089,3995,3939,3980,4408,5409,5804,6627,7136,7610,8219,8265,8085,8193,7675,7325,6869,6316,5730,5655,5226,4740,4623,4561,4335,4538,4357,4409,3960,3958,3815,3504,3529,3477,3154,3311,3068,2833,2798,2721,2449,2276,2084,2073,1925,1876,1769,1648,1649,1591,1253,1227,1225,1209,1078,1127,1151,1124,1000,1067,885,903,773,772,722,676,632,526,482,425,409,360,270,293,235,208,177,85,62,61,64,36,31,10,12,23
Redbridge,E09000026,E12000007,London,278970,4318,4459,4225,4385,4279,3874,3891,3796,3693,3670,3654,3648,3738,3746,3793,3689,3722,3805,3554,3167,3170,3420,3807,4189,4308,4531,4726,4789,4986,4782,5026,5009,4777,4587,4536,4278,4138,4210,4003,4013,4048,3935,3867,3982,3822,3860,3806,3762,3682,3451,3491,3406,3260,3227,3072,2973,2974,2765,2638,2595,2515,2545,2450,2537,2531,1935,2006,1841,1870,1513,1515,1642,1584,1517,1394,1364,1377,1313,1204,1191,1150,1138,1000,944,872,832,741,591,580,481,475,367,190,166,161,119,91,65,68,35,53
Richmond upon Thames,E09000027,E12000007,London,186990,2993,2857,2819,2705,2664,2446,2330,2210,2165,1956,2005,2060,2038,1925,1799,1966,1800,1821,1823,1675,1625,1542,1772,2008,2198,2126,2343,2512,2696,2869,3012,3133,3287,3322,3272,3279,3574,3525,3556,3499,3304,3171,3180,3155,3127,3086,3040,2875,2837,2698,2470,2445,2380,2281,2229,2100,2062,2027,1896,1982,1936,1886,1994,2181,2145,1635,1670,1590,1358,1153,1201,1199,1160,1097,960,1014,907,863,904,837,870,771,670,704,694,571,570,527,432,403,405,313,165,163,122,107,80,70,41,18,52
Southwark,E09000028,E12000007,London,288283,4670,4352,4020,3991,3706,3540,3258,3038,2960,2766,2809,2777,2868,2758,2885,2984,2826,2830,3349,3977,4768,4946,5482,5876,5924,6937,7133,7191,7210,7254,7044,6819,6503,6081,5850,5444,5263,5057,4970,4565,4815,4671,4426,4478,4536,4238,4216,4087,4033,3547,3716,3466,3102,3046,2740,2571,2365,2173,2039,1936,1918,1769,1817,1812,1756,1402,1383,1306,1282,1174,1132,1173,1115,1013,999,997,862,801,808,803,749,685,686,548,527,477,442,389,363,278,218,223,131,84,78,68,44,33,23,12,21
Sutton,E09000029,E12000007,London,190146,2574,2628,2564,2557,2427,2398,2295,2204,2116,2082,2218,2339,2246,2458,2412,2470,2506,2591,2155,1765,1790,1912,2206,2361,2388,2434,2455,2566,2794,2936,2875,2972,2848,2742,2866,2773,2954,2946,2958,3106,3051,2953,3031,3099,3279,3155,3149,3041,2905,2678,2697,2562,2481,2335,2199,2189,2024,2070,1948,1814,1978,1898,1950,2159,2381,1588,1744,1507,1470,1254,1174,1305,1284,1279,1180,1154,1163,996,1036,996,933,892,849,752,677,640,609,520,442,426,372,264,159,107,118,106,74,36,46,33,48
Tower Hamlets,E09000030,E12000007,London,254096,4065,3957,3706,3564,3458,3406,3099,3192,2948,2886,2771,2568,2610,2611,2642,2660,2476,2477,2977,4033,4851,5229,5920,7042,7776,7919,8075,8245,8039,7879,7771,7143,6412,5994,5708,4901,4897,4278,3778,3685,3595,3174,3133,2933,2843,2502,2414,2403,2297,2162,2051,2046,1934,1894,1811,1732,1645,1491,1562,1393,1247,1173,1174,1126,1143,893,862,815,805,765,869,832,764,785,779,708,667,642,621,566,619,528,446,440,374,316,289,251,215,185,164,115,46,55,39,30,24,28,8,7,18
Waltham Forest,E09000031,E12000007,London,258249,4403,4228,4198,4047,3963,3569,3401,3389,3089,3015,3026,2910,2889,2970,2965,3056,3118,3116,3113,2838,3544,3731,4113,4547,4669,5066,5411,5379,5285,5367,5197,5058,4744,4677,4492,4378,4175,4140,4143,4276,4243,3931,4139,3965,3965,3630,3663,3432,3385,3230,3084,2963,3001,2671,2602,2346,2352,2305,2236,2062,1991,1830,1933,1992,2037,1552,1500,1420,1491,1268,1164,1302,1279,1236,1201,1171,984,990,931,891,848,790,733,665,626,555,478,482,385,367,340,249,149,114,124,72,63,44,40,24,38
Wandsworth,E09000032,E12000007,London,306995,5188,4608,4219,3932,3723,3288,3019,2923,2720,2624,2581,2582,2564,2487,2307,2241,2301,2320,2563,2978,3101,3494,4335,5586,7183,8575,9357,9594,9845,9846,9198,8945,8554,7823,7220,6579,6293,5857,5580,5212,4963,4678,4431,4280,4190,3999,3702,3779,3519,3101,3231,2965,2748,2544,2600,2444,2322,2262,2212,2111,2106,2121,2123,2157,2151,1634,1700,1525,1562,1289,1404,1428,1397,1284,1232,1173,1074,1008,921,950,857,793,687,681,619,584,522,439,441,369,332,244,171,114,134,97,81,58,30,30,47
Westminster,E09000033,E12000007,London,219396,2808,2692,2529,2390,2198,2180,1984,1907,1878,1777,1811,1791,1719,1691,1653,1576,1601,1773,2210,2837,2691,3084,3466,3882,4367,5014,5110,5488,5819,6067,5811,5714,5455,4984,4757,4365,4410,4193,3967,3742,3370,3480,3380,3263,3223,2945,2944,2860,2665,2576,2639,2421,2259,2132,2131,2200,1955,1941,1954,1948,1823,1847,1860,1850,1825,1641,1576,1452,1338,1183,1246,1248,1282,1136,1105,1105,1013,938,926,804,798,737,716,640,530,523,462,394,356,307,269,194,118,121,91,87,52,43,31,26,26
